Sequence,Page,Label
1,urn:cite:ap:bod8.1r,"Codex Bodmer 8, folio 1 recto"
2,urn:cite:ap:bod8.1v,"Codex Bodmer 8, folio 1 verso"
3,urn:cite:ap:bod8.2r,"Codex Bodmer 8, folio 2 recto"
4,urn:cite:ap:bod8.2v,"Codex Bodmer 8, folio 2 verso"
5,urn:cite:ap:bod8.3r,"Codex Bodmer 8, folio 3 recto"
6,urn:cite:ap:bod8.3v,"Codex Bodmer 8, folio 3 verso"
7,urn:cite:ap:bod8.4r,"Codex Bodmer 8, folio 4 recto"
8,urn:cite:ap:bod8.4v,"Codex Bodmer 8, folio 4 verso"
9,urn:cite:ap:bod8.5r,"Codex Bodmer 8, folio 5 recto"
10,urn:cite:ap:bod8.5v,"Codex Bodmer 8, folio 5 verso"
11,urn:cite:ap:bod8.6r,"Codex Bodmer 8, folio 6 recto"
12,urn:cite:ap:bod8.6v,"Codex Bodmer 8, folio 6 verso"
13,urn:cite:ap:bod8.7r,"Codex Bodmer 8, folio 7 recto"
14,urn:cite:ap:bod8.7v,"Codex Bodmer 8, folio 7 verso"
15,urn:cite:ap:bod8.8r,"Codex Bodmer 8, folio 8 recto"
16,urn:cite:ap:bod8.8v,"Codex Bodmer 8, folio 8 verso"
17,urn:cite:ap:bod8.9r,"Codex Bodmer 8, folio 9 recto"
18,urn:cite:ap:bod8.9v,"Codex Bodmer 8, folio 9 verso"
19,urn:cite:ap:bod8.10r,"Codex Bodmer 8, folio 10 recto"
20,urn:cite:ap:bod8.10v,"Codex Bodmer 8, folio 10 verso"
21,urn:cite:ap:bod8.11r,"Codex Bodmer 8, folio 11 recto"
22,urn:cite:ap:bod8.11v,"Codex Bodmer 8, folio 11 verso"
23,urn:cite:ap:bod8.12r,"Codex Bodmer 8, folio 12 recto"
24,urn:cite:ap:bod8.12v,"Codex Bodmer 8, folio 12 verso"
25,urn:cite:ap:bod8.13r,"Codex Bodmer 8, folio 13 recto"
26,urn:cite:ap:bod8.13v,"Codex Bodmer 8, folio 13 verso"
27,urn:cite:ap:bod8.14r,"Codex Bodmer 8, folio 14 recto"
28,urn:cite:ap:bod8.14v,"Codex Bodmer 8, folio 14 verso"
29,urn:cite:ap:bod8.15r,"Codex Bodmer 8, folio 15 recto"
30,urn:cite:ap:bod8.15v,"Codex Bodmer 8, folio 15 verso"
31,urn:cite:ap:bod8.16r,"Codex Bodmer 8, folio 16 recto"
32,urn:cite:ap:bod8.16v,"Codex Bodmer 8, folio 16 verso"
33,urn:cite:ap:bod8.17r,"Codex Bodmer 8, folio 17 recto"
34,urn:cite:ap:bod8.17v,"Codex Bodmer 8, folio 17 verso"
35,urn:cite:ap:bod8.18r,"Codex Bodmer 8, folio 18 recto"
36,urn:cite:ap:bod8.18v,"Codex Bodmer 8, folio 18 verso"
37,urn:cite:ap:bod8.19r,"Codex Bodmer 8, folio 19 recto"
38,urn:cite:ap:bod8.19v,"Codex Bodmer 8, folio 19 verso"
39,urn:cite:ap:bod8.20r,"Codex Bodmer 8, folio 20 recto"
40,urn:cite:ap:bod8.20v,"Codex Bodmer 8, folio 20 verso"
41,urn:cite:ap:bod8.21r,"Codex Bodmer 8, folio 21 recto"
42,urn:cite:ap:bod8.21v,"Codex Bodmer 8, folio 21 verso"
43,urn:cite:ap:bod8.22r,"Codex Bodmer 8, folio 22 recto"
44,urn:cite:ap:bod8.22v,"Codex Bodmer 8, folio 22 verso"
45,urn:cite:ap:bod8.23r,"Codex Bodmer 8, folio 23 recto"
46,urn:cite:ap:bod8.23v,"Codex Bodmer 8, folio 23 verso"
47,urn:cite:ap:bod8.24r,"Codex Bodmer 8, folio 24 recto"
48,urn:cite:ap:bod8.24v,"Codex Bodmer 8, folio 24 verso"
49,urn:cite:ap:bod8.25r,"Codex Bodmer 8, folio 25 recto"
50,urn:cite:ap:bod8.25v,"Codex Bodmer 8, folio 25 verso"
51,urn:cite:ap:bod8.26r,"Codex Bodmer 8, folio 26 recto"
52,urn:cite:ap:bod8.26v,"Codex Bodmer 8, folio 26 verso"
53,urn:cite:ap:bod8.27r,"Codex Bodmer 8, folio 27 recto"
54,urn:cite:ap:bod8.27v,"Codex Bodmer 8, folio 27 verso"
55,urn:cite:ap:bod8.28r,"Codex Bodmer 8, folio 28 recto"
56,urn:cite:ap:bod8.28v,"Codex Bodmer 8, folio 28 verso"
57,urn:cite:ap:bod8.29r,"Codex Bodmer 8, folio 29 recto"
58,urn:cite:ap:bod8.29v,"Codex Bodmer 8, folio 29 verso"
59,urn:cite:ap:bod8.30r,"Codex Bodmer 8, folio 30 recto"
60,urn:cite:ap:bod8.30v,"Codex Bodmer 8, folio 30 verso"
61,urn:cite:ap:bod8.31r,"Codex Bodmer 8, folio 31 recto"
62,urn:cite:ap:bod8.31v,"Codex Bodmer 8, folio 31 verso"
63,urn:cite:ap:bod8.32r,"Codex Bodmer 8, folio 32 recto"
64,urn:cite:ap:bod8.32v,"Codex Bodmer 8, folio 32 verso"
65,urn:cite:ap:bod8.33r,"Codex Bodmer 8, folio 33 recto"
66,urn:cite:ap:bod8.33v,"Codex Bodmer 8, folio 33 verso"
67,urn:cite:ap:bod8.34r,"Codex Bodmer 8, folio 34 recto"
68,urn:cite:ap:bod8.34v,"Codex Bodmer 8, folio 34 verso"
69,urn:cite:ap:bod8.35r,"Codex Bodmer 8, folio 35 recto"
70,urn:cite:ap:bod8.35v,"Codex Bodmer 8, folio 35 verso"
71,urn:cite:ap:bod8.36r,"Codex Bodmer 8, folio 36 recto"
72,urn:cite:ap:bod8.36v,"Codex Bodmer 8, folio 36 verso"
73,urn:cite:ap:bod8.37r,"Codex Bodmer 8, folio 37 recto"
74,urn:cite:ap:bod8.37v,"Codex Bodmer 8, folio 37 verso"
75,urn:cite:ap:bod8.38r,"Codex Bodmer 8, folio 38 recto"
76,urn:cite:ap:bod8.38v,"Codex Bodmer 8, folio 38 verso"
77,urn:cite:ap:bod8.39r,"Codex Bodmer 8, folio 39 recto"
78,urn:cite:ap:bod8.39v,"Codex Bodmer 8, folio 39 verso"
79,urn:cite:ap:bod8.40r,"Codex Bodmer 8, folio 40 recto"
80,urn:cite:ap:bod8.40v,"Codex Bodmer 8, folio 40 verso"
81,urn:cite:ap:bod8.41r,"Codex Bodmer 8, folio 41 recto"
82,urn:cite:ap:bod8.41v,"Codex Bodmer 8, folio 41 verso"
83,urn:cite:ap:bod8.42r,"Codex Bodmer 8, folio 42 recto"
84,urn:cite:ap:bod8.42v,"Codex Bodmer 8, folio 42 verso"
85,urn:cite:ap:bod8.43r,"Codex Bodmer 8, folio 43 recto"
86,urn:cite:ap:bod8.43v,"Codex Bodmer 8, folio 43 verso"
87,urn:cite:ap:bod8.44r,"Codex Bodmer 8, folio 44 recto"
88,urn:cite:ap:bod8.44v,"Codex Bodmer 8, folio 44 verso"
89,urn:cite:ap:bod8.45r,"Codex Bodmer 8, folio 45 recto"
90,urn:cite:ap:bod8.45v,"Codex Bodmer 8, folio 45 verso"
91,urn:cite:ap:bod8.46r,"Codex Bodmer 8, folio 46 recto"
92,urn:cite:ap:bod8.46v,"Codex Bodmer 8, folio 46 verso"
93,urn:cite:ap:bod8.47r,"Codex Bodmer 8, folio 47 recto"
94,urn:cite:ap:bod8.47v,"Codex Bodmer 8, folio 47 verso"
95,urn:cite:ap:bod8.48r,"Codex Bodmer 8, folio 48 recto"
96,urn:cite:ap:bod8.48v,"Codex Bodmer 8, folio 48 verso"
97,urn:cite:ap:bod8.49r,"Codex Bodmer 8, folio 49 recto"
98,urn:cite:ap:bod8.49v,"Codex Bodmer 8, folio 49 verso"
99,urn:cite:ap:bod8.50r,"Codex Bodmer 8, folio 50 recto"
100,urn:cite:ap:bod8.50v,"Codex Bodmer 8, folio 50 verso"
101,urn:cite:ap:bod8.51r,"Codex Bodmer 8, folio 51 recto"
102,urn:cite:ap:bod8.51v,"Codex Bodmer 8, folio 51 verso"
103,urn:cite:ap:bod8.52r,"Codex Bodmer 8, folio 52 recto"
104,urn:cite:ap:bod8.52v,"Codex Bodmer 8, folio 52 verso"
105,urn:cite:ap:bod8.53r,"Codex Bodmer 8, folio 53 recto"
106,urn:cite:ap:bod8.53v,"Codex Bodmer 8, folio 53 verso"
107,urn:cite:ap:bod8.54r,"Codex Bodmer 8, folio 54 recto"
108,urn:cite:ap:bod8.54v,"Codex Bodmer 8, folio 54 verso"
109,urn:cite:ap:bod8.55r,"Codex Bodmer 8, folio 55 recto"
110,urn:cite:ap:bod8.55v,"Codex Bodmer 8, folio 55 verso"
111,urn:cite:ap:bod8.56r,"Codex Bodmer 8, folio 56 recto"
112,urn:cite:ap:bod8.56v,"Codex Bodmer 8, folio 56 verso"
113,urn:cite:ap:bod8.57r,"Codex Bodmer 8, folio 57 recto"
114,urn:cite:ap:bod8.57v,"Codex Bodmer 8, folio 57 verso"
115,urn:cite:ap:bod8.58r,"Codex Bodmer 8, folio 58 recto"
116,urn:cite:ap:bod8.58v,"Codex Bodmer 8, folio 58 verso"
117,urn:cite:ap:bod8.59r,"Codex Bodmer 8, folio 59 recto"
118,urn:cite:ap:bod8.59v,"Codex Bodmer 8, folio 59 verso"
119,urn:cite:ap:bod8.60r,"Codex Bodmer 8, folio 60 recto"
120,urn:cite:ap:bod8.60v,"Codex Bodmer 8, folio 60 verso"
121,urn:cite:ap:bod8.61r,"Codex Bodmer 8, folio 61 recto"
122,urn:cite:ap:bod8.61v,"Codex Bodmer 8, folio 61 verso"
123,urn:cite:ap:bod8.62r,"Codex Bodmer 8, folio 62 recto"
124,urn:cite:ap:bod8.62v,"Codex Bodmer 8, folio 62 verso"
125,urn:cite:ap:bod8.63r,"Codex Bodmer 8, folio 63 recto"
126,urn:cite:ap:bod8.63v,"Codex Bodmer 8, folio 63 verso"
127,urn:cite:ap:bod8.64r,"Codex Bodmer 8, folio 64 recto"
128,urn:cite:ap:bod8.64v,"Codex Bodmer 8, folio 64 verso"
129,urn:cite:ap:bod8.65r,"Codex Bodmer 8, folio 65 recto"
130,urn:cite:ap:bod8.65v,"Codex Bodmer 8, folio 65 verso"
131,urn:cite:ap:bod8.66r,"Codex Bodmer 8, folio 66 recto"
132,urn:cite:ap:bod8.66v,"Codex Bodmer 8, folio 66 verso"
133,urn:cite:ap:bod8.67r,"Codex Bodmer 8, folio 67 recto"
134,urn:cite:ap:bod8.67v,"Codex Bodmer 8, folio 67 verso"
135,urn:cite:ap:bod8.68r,"Codex Bodmer 8, folio 68 recto"
136,urn:cite:ap:bod8.68v,"Codex Bodmer 8, folio 68 verso"
137,urn:cite:ap:bod8.69r,"Codex Bodmer 8, folio 69 recto"
138,urn:cite:ap:bod8.69v,"Codex Bodmer 8, folio 69 verso"
139,urn:cite:ap:bod8.70r,"Codex Bodmer 8, folio 70 recto"
140,urn:cite:ap:bod8.70v,"Codex Bodmer 8, folio 70 verso"
141,urn:cite:ap:bod8.71r,"Codex Bodmer 8, folio 71 recto"
142,urn:cite:ap:bod8.71v,"Codex Bodmer 8, folio 71 verso"
143,urn:cite:ap:bod8.72r,"Codex Bodmer 8, folio 72 recto"
144,urn:cite:ap:bod8.72v,"Codex Bodmer 8, folio 72 verso"
145,urn:cite:ap:bod8.73r,"Codex Bodmer 8, folio 73 recto"
146,urn:cite:ap:bod8.73v,"Codex Bodmer 8, folio 73 verso"
147,urn:cite:ap:bod8.74r,"Codex Bodmer 8, folio 74 recto"
148,urn:cite:ap:bod8.74v,"Codex Bodmer 8, folio 74 verso"
149,urn:cite:ap:bod8.75r,"Codex Bodmer 8, folio 75 recto"
150,urn:cite:ap:bod8.75v,"Codex Bodmer 8, folio 75 verso"
151,urn:cite:ap:bod8.76r,"Codex Bodmer 8, folio 76 recto"
152,urn:cite:ap:bod8.76v,"Codex Bodmer 8, folio 76 verso"
153,urn:cite:ap:bod8.77r,"Codex Bodmer 8, folio 77 recto"
154,urn:cite:ap:bod8.77v,"Codex Bodmer 8, folio 77 verso"
155,urn:cite:ap:bod8.78r,"Codex Bodmer 8, folio 78 recto"
156,urn:cite:ap:bod8.78v,"Codex Bodmer 8, folio 78 verso"
157,urn:cite:ap:bod8.79r,"Codex Bodmer 8, folio 79 recto"
158,urn:cite:ap:bod8.79v,"Codex Bodmer 8, folio 79 verso"
159,urn:cite:ap:bod8.80r,"Codex Bodmer 8, folio 80 recto"
160,urn:cite:ap:bod8.80v,"Codex Bodmer 8, folio 80 verso"
161,urn:cite:ap:bod8.81r,"Codex Bodmer 8, folio 81 recto"
162,urn:cite:ap:bod8.81v,"Codex Bodmer 8, folio 81 verso"
163,urn:cite:ap:bod8.82r,"Codex Bodmer 8, folio 82 recto"
164,urn:cite:ap:bod8.82v,"Codex Bodmer 8, folio 82 verso"
165,urn:cite:ap:bod8.83r,"Codex Bodmer 8, folio 83 recto"
166,urn:cite:ap:bod8.83v,"Codex Bodmer 8, folio 83 verso"
167,urn:cite:ap:bod8.84r,"Codex Bodmer 8, folio 84 recto"
168,urn:cite:ap:bod8.84v,"Codex Bodmer 8, folio 84 verso"
169,urn:cite:ap:bod8.85r,"Codex Bodmer 8, folio 85 recto"
170,urn:cite:ap:bod8.85v,"Codex Bodmer 8, folio 85 verso"
171,urn:cite:ap:bod8.86r,"Codex Bodmer 8, folio 86 recto"
172,urn:cite:ap:bod8.86v,"Codex Bodmer 8, folio 86 verso"
173,urn:cite:ap:bod8.87r,"Codex Bodmer 8, folio 87 recto"
174,urn:cite:ap:bod8.87v,"Codex Bodmer 8, folio 87 verso"
175,urn:cite:ap:bod8.88r,"Codex Bodmer 8, folio 88 recto"
176,urn:cite:ap:bod8.88v,"Codex Bodmer 8, folio 88 verso"
177,urn:cite:ap:bod8.89r,"Codex Bodmer 8, folio 89 recto"
178,urn:cite:ap:bod8.89v,"Codex Bodmer 8, folio 89 verso"
179,urn:cite:ap:bod8.90r,"Codex Bodmer 8, folio 90 recto"
180,urn:cite:ap:bod8.90v,"Codex Bodmer 8, folio 90 verso"
181,urn:cite:ap:bod8.91r,"Codex Bodmer 8, folio 91 recto"
182,urn:cite:ap:bod8.91v,"Codex Bodmer 8, folio 91 verso"
183,urn:cite:ap:bod8.92r,"Codex Bodmer 8, folio 92 recto"
184,urn:cite:ap:bod8.92v,"Codex Bodmer 8, folio 92 verso"
185,urn:cite:ap:bod8.93r,"Codex Bodmer 8, folio 93 recto"
186,urn:cite:ap:bod8.93v,"Codex Bodmer 8, folio 93 verso"
187,urn:cite:ap:bod8.94r,"Codex Bodmer 8, folio 94 recto"
188,urn:cite:ap:bod8.94v,"Codex Bodmer 8, folio 94 verso"
189,urn:cite:ap:bod8.95r,"Codex Bodmer 8, folio 95 recto"
190,urn:cite:ap:bod8.95v,"Codex Bodmer 8, folio 95 verso"
191,urn:cite:ap:bod8.96r,"Codex Bodmer 8, folio 96 recto"
192,urn:cite:ap:bod8.96v,"Codex Bodmer 8, folio 96 verso"
193,urn:cite:ap:bod8.97r,"Codex Bodmer 8, folio 97 recto"
194,urn:cite:ap:bod8.97v,"Codex Bodmer 8, folio 97 verso"
195,urn:cite:ap:bod8.98r,"Codex Bodmer 8, folio 98 recto"
196,urn:cite:ap:bod8.98v,"Codex Bodmer 8, folio 98 verso"
197,urn:cite:ap:bod8.99r,"Codex Bodmer 8, folio 99 recto"
198,urn:cite:ap:bod8.99v,"Codex Bodmer 8, folio 99 verso"
199,urn:cite:ap:bod8.100r,"Codex Bodmer 8, folio 100 recto"
200,urn:cite:ap:bod8.100v,"Codex Bodmer 8, folio 100 verso"
201,urn:cite:ap:bod8.101r,"Codex Bodmer 8, folio 101 recto"
202,urn:cite:ap:bod8.101v,"Codex Bodmer 8, folio 101 verso"
203,urn:cite:ap:bod8.102r,"Codex Bodmer 8, folio 102 recto"
204,urn:cite:ap:bod8.102v,"Codex Bodmer 8, folio 102 verso"
205,urn:cite:ap:bod8.103r,"Codex Bodmer 8, folio 103 recto"
206,urn:cite:ap:bod8.103v,"Codex Bodmer 8, folio 103 verso"
207,urn:cite:ap:bod8.104r,"Codex Bodmer 8, folio 104 recto"
208,urn:cite:ap:bod8.104v,"Codex Bodmer 8, folio 104 verso"
209,urn:cite:ap:bod8.105r,"Codex Bodmer 8, folio 105 recto"
210,urn:cite:ap:bod8.105v,"Codex Bodmer 8, folio 105 verso"
211,urn:cite:ap:bod8.106r,"Codex Bodmer 8, folio 106 recto"
212,urn:cite:ap:bod8.106v,"Codex Bodmer 8, folio 106 verso"
213,urn:cite:ap:bod8.107r,"Codex Bodmer 8, folio 107 recto"
214,urn:cite:ap:bod8.107v,"Codex Bodmer 8, folio 107 verso"
215,urn:cite:ap:bod8.108r,"Codex Bodmer 8, folio 108 recto"
216,urn:cite:ap:bod8.108v,"Codex Bodmer 8, folio 108 verso"
217,urn:cite:ap:bod8.109r,"Codex Bodmer 8, folio 109 recto"
218,urn:cite:ap:bod8.109v,"Codex Bodmer 8, folio 109 verso"
219,urn:cite:ap:bod8.110r,"Codex Bodmer 8, folio 110 recto"
220,urn:cite:ap:bod8.110v,"Codex Bodmer 8, folio 110 verso"
221,urn:cite:ap:bod8.111r,"Codex Bodmer 8, folio 111 recto"
222,urn:cite:ap:bod8.111v,"Codex Bodmer 8, folio 111 verso"
223,urn:cite:ap:bod8.112r,"Codex Bodmer 8, folio 112 recto"
224,urn:cite:ap:bod8.112v,"Codex Bodmer 8, folio 112 verso"
225,urn:cite:ap:bod8.113r,"Codex Bodmer 8, folio 113 recto"
226,urn:cite:ap:bod8.113v,"Codex Bodmer 8, folio 113 verso"
227,urn:cite:ap:bod8.114r,"Codex Bodmer 8, folio 114 recto"
228,urn:cite:ap:bod8.114v,"Codex Bodmer 8, folio 114 verso"
229,urn:cite:ap:bod8.115r,"Codex Bodmer 8, folio 115 recto"
230,urn:cite:ap:bod8.115v,"Codex Bodmer 8, folio 115 verso"
231,urn:cite:ap:bod8.116r,"Codex Bodmer 8, folio 116 recto"
232,urn:cite:ap:bod8.116v,"Codex Bodmer 8, folio 116 verso"
233,urn:cite:ap:bod8.117r,"Codex Bodmer 8, folio 117 recto"
234,urn:cite:ap:bod8.117v,"Codex Bodmer 8, folio 117 verso"
235,urn:cite:ap:bod8.118r,"Codex Bodmer 8, folio 118 recto"
236,urn:cite:ap:bod8.118v,"Codex Bodmer 8, folio 118 verso"
237,urn:cite:ap:bod8.119r,"Codex Bodmer 8, folio 119 recto"
238,urn:cite:ap:bod8.119v,"Codex Bodmer 8, folio 119 verso"
239,urn:cite:ap:bod8.120r,"Codex Bodmer 8, folio 120 recto"
240,urn:cite:ap:bod8.120v,"Codex Bodmer 8, folio 120 verso"
241,urn:cite:ap:bod8.121r,"Codex Bodmer 8, folio 121 recto"
242,urn:cite:ap:bod8.121v,"Codex Bodmer 8, folio 121 verso"
243,urn:cite:ap:bod8.122r,"Codex Bodmer 8, folio 122 recto"
244,urn:cite:ap:bod8.122v,"Codex Bodmer 8, folio 122 verso"
245,urn:cite:ap:bod8.123r,"Codex Bodmer 8, folio 123 recto"
246,urn:cite:ap:bod8.123v,"Codex Bodmer 8, folio 123 verso"
247,urn:cite:ap:bod8.124r,"Codex Bodmer 8, folio 124 recto"
248,urn:cite:ap:bod8.124v,"Codex Bodmer 8, folio 124 verso"
249,urn:cite:ap:bod8.125r,"Codex Bodmer 8, folio 125 recto"
250,urn:cite:ap:bod8.125v,"Codex Bodmer 8, folio 125 verso"
251,urn:cite:ap:bod8.126r,"Codex Bodmer 8, folio 126 recto"
252,urn:cite:ap:bod8.126v,"Codex Bodmer 8, folio 126 verso"
253,urn:cite:ap:bod8.127r,"Codex Bodmer 8, folio 127 recto"
254,urn:cite:ap:bod8.127v,"Codex Bodmer 8, folio 127 verso"
255,urn:cite:ap:bod8.128r,"Codex Bodmer 8, folio 128 recto"
256,urn:cite:ap:bod8.128v,"Codex Bodmer 8, folio 128 verso"
257,urn:cite:ap:bod8.129r,"Codex Bodmer 8, folio 129 recto"
258,urn:cite:ap:bod8.129v,"Codex Bodmer 8, folio 129 verso"
259,urn:cite:ap:bod8.130r,"Codex Bodmer 8, folio 130 recto"
260,urn:cite:ap:bod8.130v,"Codex Bodmer 8, folio 130 verso"
261,urn:cite:ap:bod8.131r,"Codex Bodmer 8, folio 131 recto"
262,urn:cite:ap:bod8.131v,"Codex Bodmer 8, folio 131 verso"
263,urn:cite:ap:bod8.132r,"Codex Bodmer 8, folio 132 recto"
264,urn:cite:ap:bod8.132v,"Codex Bodmer 8, folio 132 verso"
265,urn:cite:ap:bod8.133r,"Codex Bodmer 8, folio 133 recto"
266,urn:cite:ap:bod8.133v,"Codex Bodmer 8, folio 133 verso"
267,urn:cite:ap:bod8.134r,"Codex Bodmer 8, folio 134 recto"
268,urn:cite:ap:bod8.134v,"Codex Bodmer 8, folio 134 verso"
269,urn:cite:ap:bod8.135r,"Codex Bodmer 8, folio 135 recto"
270,urn:cite:ap:bod8.135v,"Codex Bodmer 8, folio 135 verso"
271,urn:cite:ap:bod8.136r,"Codex Bodmer 8, folio 136 recto"
272,urn:cite:ap:bod8.136v,"Codex Bodmer 8, folio 136 verso"
273,urn:cite:ap:bod8.137r,"Codex Bodmer 8, folio 137 recto"
274,urn:cite:ap:bod8.137v,"Codex Bodmer 8, folio 137 verso"
275,urn:cite:ap:bod8.138r,"Codex Bodmer 8, folio 138 recto"
276,urn:cite:ap:bod8.138v,"Codex Bodmer 8, folio 138 verso"
277,urn:cite:ap:bod8.139r,"Codex Bodmer 8, folio 139 recto"
278,urn:cite:ap:bod8.139v,"Codex Bodmer 8, folio 139 verso"
279,urn:cite:ap:bod8.140r,"Codex Bodmer 8, folio 140 recto"
280,urn:cite:ap:bod8.140v,"Codex Bodmer 8, folio 140 verso"
281,urn:cite:ap:bod8.141r,"Codex Bodmer 8, folio 141 recto"
282,urn:cite:ap:bod8.141v,"Codex Bodmer 8, folio 141 verso"
283,urn:cite:ap:bod8.142r,"Codex Bodmer 8, folio 142 recto"
284,urn:cite:ap:bod8.142v,"Codex Bodmer 8, folio 142 verso"
285,urn:cite:ap:bod8.143r,"Codex Bodmer 8, folio 143 recto"
286,urn:cite:ap:bod8.143v,"Codex Bodmer 8, folio 143 verso"
287,urn:cite:ap:bod8.144r,"Codex Bodmer 8, folio 144 recto"
288,urn:cite:ap:bod8.144v,"Codex Bodmer 8, folio 144 verso"
289,urn:cite:ap:bod8.145r,"Codex Bodmer 8, folio 145 recto"
290,urn:cite:ap:bod8.145v,"Codex Bodmer 8, folio 145 verso"
291,urn:cite:ap:bod8.146r,"Codex Bodmer 8, folio 146 recto"
292,urn:cite:ap:bod8.146v,"Codex Bodmer 8, folio 146 verso"
293,urn:cite:ap:bod8.147r,"Codex Bodmer 8, folio 147 recto"
294,urn:cite:ap:bod8.147v,"Codex Bodmer 8, folio 147 verso"
295,urn:cite:ap:bod8.148r,"Codex Bodmer 8, folio 148 recto"
296,urn:cite:ap:bod8.148v,"Codex Bodmer 8, folio 148 verso"
297,urn:cite:ap:bod8.149r,"Codex Bodmer 8, folio 149 recto"
298,urn:cite:ap:bod8.149v,"Codex Bodmer 8, folio 149 verso"
299,urn:cite:ap:bod8.150r,"Codex Bodmer 8, folio 150 recto"
300,urn:cite:ap:bod8.150v,"Codex Bodmer 8, folio 150 verso"
301,urn:cite:ap:bod8.151r,"Codex Bodmer 8, folio 151 recto"
302,urn:cite:ap:bod8.151v,"Codex Bodmer 8, folio 151 verso"
303,urn:cite:ap:bod8.152r,"Codex Bodmer 8, folio 152 recto"
304,urn:cite:ap:bod8.152v,"Codex Bodmer 8, folio 152 verso"
305,urn:cite:ap:bod8.153r,"Codex Bodmer 8, folio 153 recto"
306,urn:cite:ap:bod8.153v,"Codex Bodmer 8, folio 153 verso"
307,urn:cite:ap:bod8.154r,"Codex Bodmer 8, folio 154 recto"
308,urn:cite:ap:bod8.154v,"Codex Bodmer 8, folio 154 verso"
309,urn:cite:ap:bod8.155r,"Codex Bodmer 8, folio 155 recto"
310,urn:cite:ap:bod8.155v,"Codex Bodmer 8, folio 155 verso"
311,urn:cite:ap:bod8.156r,"Codex Bodmer 8, folio 156 recto"
312,urn:cite:ap:bod8.156v,"Codex Bodmer 8, folio 156 verso"
313,urn:cite:ap:bod8.157r,"Codex Bodmer 8, folio 157 recto"
314,urn:cite:ap:bod8.157v,"Codex Bodmer 8, folio 157 verso"
315,urn:cite:ap:bod8.158r,"Codex Bodmer 8, folio 158 recto"
316,urn:cite:ap:bod8.158v,"Codex Bodmer 8, folio 158 verso"
317,urn:cite:ap:bod8.159r,"Codex Bodmer 8, folio 159 recto"
318,urn:cite:ap:bod8.159v,"Codex Bodmer 8, folio 159 verso"
319,urn:cite:ap:bod8.160r,"Codex Bodmer 8, folio 160 recto"
320,urn:cite:ap:bod8.160v,"Codex Bodmer 8, folio 160 verso"
321,urn:cite:ap:bod8.161r,"Codex Bodmer 8, folio 161 recto"
322,urn:cite:ap:bod8.161v,"Codex Bodmer 8, folio 161 verso"
323,urn:cite:ap:bod8.162r,"Codex Bodmer 8, folio 162 recto"
324,urn:cite:ap:bod8.162v,"Codex Bodmer 8, folio 162 verso"
325,urn:cite:ap:bod8.163r,"Codex Bodmer 8, folio 163 recto"
326,urn:cite:ap:bod8.163v,"Codex Bodmer 8, folio 163 verso"
327,urn:cite:ap:bod8.164r,"Codex Bodmer 8, folio 164 recto"
328,urn:cite:ap:bod8.164v,"Codex Bodmer 8, folio 164 verso"
329,urn:cite:ap:bod8.165r,"Codex Bodmer 8, folio 165 recto"
330,urn:cite:ap:bod8.165v,"Codex Bodmer 8, folio 165 verso"
331,urn:cite:ap:bod8.166r,"Codex Bodmer 8, folio 166 recto"
332,urn:cite:ap:bod8.166v,"Codex Bodmer 8, folio 166 verso"
333,urn:cite:ap:bod8.167r,"Codex Bodmer 8, folio 167 recto"
334,urn:cite:ap:bod8.167v,"Codex Bodmer 8, folio 167 verso"
335,urn:cite:ap:bod8.168r,"Codex Bodmer 8, folio 168 recto"
336,urn:cite:ap:bod8.168v,"Codex Bodmer 8, folio 168 verso"
337,urn:cite:ap:bod8.169r,"Codex Bodmer 8, folio 169 recto"
338,urn:cite:ap:bod8.169v,"Codex Bodmer 8, folio 169 verso"
339,urn:cite:ap:bod8.170r,"Codex Bodmer 8, folio 170 recto"
340,urn:cite:ap:bod8.170v,"Codex Bodmer 8, folio 170 verso"
341,urn:cite:ap:bod8.171r,"Codex Bodmer 8, folio 171 recto"
342,urn:cite:ap:bod8.171v,"Codex Bodmer 8, folio 171 verso"
343,urn:cite:ap:bod8.172r,"Codex Bodmer 8, folio 172 recto"
344,urn:cite:ap:bod8.172v,"Codex Bodmer 8, folio 172 verso"
345,urn:cite:ap:bod8.173r,"Codex Bodmer 8, folio 173 recto"
346,urn:cite:ap:bod8.173v,"Codex Bodmer 8, folio 173 verso"
347,urn:cite:ap:bod8.174r,"Codex Bodmer 8, folio 174 recto"
348,urn:cite:ap:bod8.174v,"Codex Bodmer 8, folio 174 verso"
349,urn:cite:ap:bod8.175r,"Codex Bodmer 8, folio 175 recto"
350,urn:cite:ap:bod8.175v,"Codex Bodmer 8, folio 175 verso"
351,urn:cite:ap:bod8.176r,"Codex Bodmer 8, folio 176 recto"
352,urn:cite:ap:bod8.176v,"Codex Bodmer 8, folio 176 verso"
353,urn:cite:ap:bod8.177r,"Codex Bodmer 8, folio 177 recto"
354,urn:cite:ap:bod8.177v,"Codex Bodmer 8, folio 177 verso"
355,urn:cite:ap:bod8.178r,"Codex Bodmer 8, folio 178 recto"
356,urn:cite:ap:bod8.178v,"Codex Bodmer 8, folio 178 verso"
357,urn:cite:ap:bod8.179r,"Codex Bodmer 8, folio 179 recto"
358,urn:cite:ap:bod8.179v,"Codex Bodmer 8, folio 179 verso"
359,urn:cite:ap:bod8.180r,"Codex Bodmer 8, folio 180 recto"
360,urn:cite:ap:bod8.180v,"Codex Bodmer 8, folio 180 verso"
361,urn:cite:ap:bod8.181r,"Codex Bodmer 8, folio 181 recto"
362,urn:cite:ap:bod8.181v,"Codex Bodmer 8, folio 181 verso"
363,urn:cite:ap:bod8.182r,"Codex Bodmer 8, folio 182 recto"
364,urn:cite:ap:bod8.182v,"Codex Bodmer 8, folio 182 verso"
365,urn:cite:ap:bod8.183r,"Codex Bodmer 8, folio 183 recto"
366,urn:cite:ap:bod8.183v,"Codex Bodmer 8, folio 183 verso"
367,urn:cite:ap:bod8.184r,"Codex Bodmer 8, folio 184 recto"
368,urn:cite:ap:bod8.184v,"Codex Bodmer 8, folio 184 verso"
369,urn:cite:ap:bod8.185r,"Codex Bodmer 8, folio 185 recto"
370,urn:cite:ap:bod8.185v,"Codex Bodmer 8, folio 185 verso"
371,urn:cite:ap:bod8.186r,"Codex Bodmer 8, folio 186 recto"
372,urn:cite:ap:bod8.186v,"Codex Bodmer 8, folio 186 verso"
373,urn:cite:ap:bod8.187r,"Codex Bodmer 8, folio 187 recto"
374,urn:cite:ap:bod8.187v,"Codex Bodmer 8, folio 187 verso"
375,urn:cite:ap:bod8.188r,"Codex Bodmer 8, folio 188 recto"
376,urn:cite:ap:bod8.188v,"Codex Bodmer 8, folio 188 verso"
377,urn:cite:ap:bod8.189r,"Codex Bodmer 8, folio 189 recto"
378,urn:cite:ap:bod8.189v,"Codex Bodmer 8, folio 189 verso"
379,urn:cite:ap:bod8.190r,"Codex Bodmer 8, folio 190 recto"
380,urn:cite:ap:bod8.190v,"Codex Bodmer 8, folio 190 verso"
381,urn:cite:ap:bod8.191r,"Codex Bodmer 8, folio 191 recto"
382,urn:cite:ap:bod8.191v,"Codex Bodmer 8, folio 191 verso"
383,urn:cite:ap:bod8.192r,"Codex Bodmer 8, folio 192 recto"
384,urn:cite:ap:bod8.192v,"Codex Bodmer 8, folio 192 verso"
385,urn:cite:ap:bod8.193r,"Codex Bodmer 8, folio 193 recto"
386,urn:cite:ap:bod8.193v,"Codex Bodmer 8, folio 193 verso"
387,urn:cite:ap:bod8.194r,"Codex Bodmer 8, folio 194 recto"
388,urn:cite:ap:bod8.194v,"Codex Bodmer 8, folio 194 verso"
389,urn:cite:ap:bod8.195r,"Codex Bodmer 8, folio 195 recto"
390,urn:cite:ap:bod8.195v,"Codex Bodmer 8, folio 195 verso"
391,urn:cite:ap:bod8.196r,"Codex Bodmer 8, folio 196 recto"
392,urn:cite:ap:bod8.196v,"Codex Bodmer 8, folio 196 verso"
393,urn:cite:ap:bod8.197r,"Codex Bodmer 8, folio 197 recto"
394,urn:cite:ap:bod8.197v,"Codex Bodmer 8, folio 197 verso"
395,urn:cite:ap:bod8.198r,"Codex Bodmer 8, folio 198 recto"
396,urn:cite:ap:bod8.198v,"Codex Bodmer 8, folio 198 verso"
397,urn:cite:ap:bod8.199r,"Codex Bodmer 8, folio 199 recto"
398,urn:cite:ap:bod8.199v,"Codex Bodmer 8, folio 199 verso"
399,urn:cite:ap:bod8.200r,"Codex Bodmer 8, folio 200 recto"
400,urn:cite:ap:bod8.200v,"Codex Bodmer 8, folio 200 verso"
401,urn:cite:ap:bod8.201r,"Codex Bodmer 8, folio 201 recto"
402,urn:cite:ap:bod8.201v,"Codex Bodmer 8, folio 201 verso"
403,urn:cite:ap:bod8.202r,"Codex Bodmer 8, folio 202 recto"
404,urn:cite:ap:bod8.202v,"Codex Bodmer 8, folio 202 verso"
405,urn:cite:ap:bod8.203r,"Codex Bodmer 8, folio 203 recto"
406,urn:cite:ap:bod8.203v,"Codex Bodmer 8, folio 203 verso"
407,urn:cite:ap:bod8.204r,"Codex Bodmer 8, folio 204 recto"
408,urn:cite:ap:bod8.204v,"Codex Bodmer 8, folio 204 verso"
409,urn:cite:ap:bod8.205r,"Codex Bodmer 8, folio 205 recto"
410,urn:cite:ap:bod8.205v,"Codex Bodmer 8, folio 205 verso"
411,urn:cite:ap:bod8.206r,"Codex Bodmer 8, folio 206 recto"
412,urn:cite:ap:bod8.206v,"Codex Bodmer 8, folio 206 verso"
413,urn:cite:ap:bod8.207r,"Codex Bodmer 8, folio 207 recto"
414,urn:cite:ap:bod8.207v,"Codex Bodmer 8, folio 207 verso"
415,urn:cite:ap:bod8.208r,"Codex Bodmer 8, folio 208 recto"
416,urn:cite:ap:bod8.208v,"Codex Bodmer 8, folio 208 verso"
417,urn:cite:ap:bod8.209r,"Codex Bodmer 8, folio 209 recto"
418,urn:cite:ap:bod8.209v,"Codex Bodmer 8, folio 209 verso"
419,urn:cite:ap:bod8.210r,"Codex Bodmer 8, folio 210 recto"
420,urn:cite:ap:bod8.210v,"Codex Bodmer 8, folio 210 verso"
421,urn:cite:ap:bod8.211r,"Codex Bodmer 8, folio 211 recto"
422,urn:cite:ap:bod8.211v,"Codex Bodmer 8, folio 211 verso"
423,urn:cite:ap:bod8.212r,"Codex Bodmer 8, folio 212 recto"
424,urn:cite:ap:bod8.212v,"Codex Bodmer 8, folio 212 verso"
425,urn:cite:ap:bod8.213r,"Codex Bodmer 8, folio 213 recto"
426,urn:cite:ap:bod8.213v,"Codex Bodmer 8, folio 213 verso"
427,urn:cite:ap:bod8.214r,"Codex Bodmer 8, folio 214 recto"
428,urn:cite:ap:bod8.214v,"Codex Bodmer 8, folio 214 verso"
429,urn:cite:ap:bod8.215r,"Codex Bodmer 8, folio 215 recto"
430,urn:cite:ap:bod8.215v,"Codex Bodmer 8, folio 215 verso"
431,urn:cite:ap:bod8.216r,"Codex Bodmer 8, folio 216 recto"
432,urn:cite:ap:bod8.216v,"Codex Bodmer 8, folio 216 verso"
433,urn:cite:ap:bod8.217r,"Codex Bodmer 8, folio 217 recto"
434,urn:cite:ap:bod8.217v,"Codex Bodmer 8, folio 217 verso"
435,urn:cite:ap:bod8.218r,"Codex Bodmer 8, folio 218 recto"
436,urn:cite:ap:bod8.218v,"Codex Bodmer 8, folio 218 verso"
437,urn:cite:ap:bod8.219r,"Codex Bodmer 8, folio 219 recto"
438,urn:cite:ap:bod8.219v,"Codex Bodmer 8, folio 219 verso"
439,urn:cite:ap:bod8.220r,"Codex Bodmer 8, folio 220 recto"
440,urn:cite:ap:bod8.220v,"Codex Bodmer 8, folio 220 verso"
441,urn:cite:ap:bod8.221r,"Codex Bodmer 8, folio 221 recto"
442,urn:cite:ap:bod8.221v,"Codex Bodmer 8, folio 221 verso"
443,urn:cite:ap:bod8.222r,"Codex Bodmer 8, folio 222 recto"
444,urn:cite:ap:bod8.222v,"Codex Bodmer 8, folio 222 verso"
445,urn:cite:ap:bod8.223r,"Codex Bodmer 8, folio 223 recto"
446,urn:cite:ap:bod8.223v,"Codex Bodmer 8, folio 223 verso"
447,urn:cite:ap:bod8.224r,"Codex Bodmer 8, folio 224 recto"
448,urn:cite:ap:bod8.224v,"Codex Bodmer 8, folio 224 verso"
449,urn:cite:ap:bod8.225r,"Codex Bodmer 8, folio 225 recto"
450,urn:cite:ap:bod8.225v,"Codex Bodmer 8, folio 225 verso"
451,urn:cite:ap:bod8.226r,"Codex Bodmer 8, folio 226 recto"
452,urn:cite:ap:bod8.226v,"Codex Bodmer 8, folio 226 verso"
453,urn:cite:ap:bod8.227r,"Codex Bodmer 8, folio 227 recto"
454,urn:cite:ap:bod8.227v,"Codex Bodmer 8, folio 227 verso"
455,urn:cite:ap:bod8.228r,"Codex Bodmer 8, folio 228 recto"
456,urn:cite:ap:bod8.228v,"Codex Bodmer 8, folio 228 verso"
457,urn:cite:ap:bod8.229r,"Codex Bodmer 8, folio 229 recto"
458,urn:cite:ap:bod8.229v,"Codex Bodmer 8, folio 229 verso"
459,urn:cite:ap:bod8.230r,"Codex Bodmer 8, folio 230 recto"
460,urn:cite:ap:bod8.230v,"Codex Bodmer 8, folio 230 verso"
461,urn:cite:ap:bod8.231r,"Codex Bodmer 8, folio 231 recto"
462,urn:cite:ap:bod8.231v,"Codex Bodmer 8, folio 231 verso"
463,urn:cite:ap:bod8.232r,"Codex Bodmer 8, folio 232 recto"
464,urn:cite:ap:bod8.232v,"Codex Bodmer 8, folio 232 verso"
465,urn:cite:ap:bod8.233r,"Codex Bodmer 8, folio 233 recto"
466,urn:cite:ap:bod8.233r,"Codex Bodmer 8, folio 233 recto"
467,urn:cite:ap:bod8.234r,"Codex Bodmer 8, folio 234 recto"
468,urn:cite:ap:bod8.234v,"Codex Bodmer 8, folio 234 verso"
469,urn:cite:ap:bod8.235r,"Codex Bodmer 8, folio 235 recto"
470,urn:cite:ap:bod8.235v,"Codex Bodmer 8, folio 235 verso"
471,urn:cite:ap:bod8.236r,"Codex Bodmer 8, folio 236 recto"
472,urn:cite:ap:bod8.236v,"Codex Bodmer 8, folio 236 verso"
473,urn:cite:ap:bod8.237r,"Codex Bodmer 8, folio 237 recto"
474,urn:cite:ap:bod8.237v,"Codex Bodmer 8, folio 237 verso"
475,urn:cite:ap:bod8.238r,"Codex Bodmer 8, folio 238 recto"
476,urn:cite:ap:bod8.238v,"Codex Bodmer 8, folio 238 verso"
477,urn:cite:ap:bod8.239r,"Codex Bodmer 8, folio 239 recto"
478,urn:cite:ap:bod8.239v,"Codex Bodmer 8, folio 239 verso"
479,urn:cite:ap:bod8.240r,"Codex Bodmer 8, folio 240 recto"
480,urn:cite:ap:bod8.240v,"Codex Bodmer 8, folio 240 verso"
481,urn:cite:ap:bod8.241r,"Codex Bodmer 8, folio 241 recto"
482,urn:cite:ap:bod8.241v,"Codex Bodmer 8, folio 241 verso"
483,urn:cite:ap:bod8.242r,"Codex Bodmer 8, folio 242 recto"
484,urn:cite:ap:bod8.242v,"Codex Bodmer 8, folio 242 verso"
485,urn:cite:ap:bod8.243r,"Codex Bodmer 8, folio 243 recto"
486,urn:cite:ap:bod8.243v,"Codex Bodmer 8, folio 243 verso"
