urn:cite:ap:apimg.0000-088v_Arch03r_Heiberg_ultraviolet_stitch,urn:cite:fuhc:pal.3r
urn:cite:ap:apimg.0000-088v_Arch03r_Heiberg_visible_stitch,urn:cite:fuhc:pal.3r
urn:cite:ap:apimg.0000-100r_Arch53v_Heiberg_ultraviolet_stitch,urn:cite:fuhc:pal.53v
urn:cite:ap:apimg.0000-100r_Arch53v_Heiberg_visible_stitch,urn:cite:fuhc:pal.53v
urn:cite:ap:apimg.0000-100r_Arch53v_Sinar_pseudo_no-veil,urn:cite:fuhc:pal.53v
urn:cite:ap:apimg.0000-100r_Arch53v_Sinar_pseudo_sharpie,urn:cite:fuhc:pal.53v
urn:cite:ap:apimg.0000-100v_Arch53r_Heiberg_ultraviolet_stitch,urn:cite:fuhc:pal.53r
urn:cite:ap:apimg.0000-100v_Arch53r_Heiberg_visible_stitch,urn:cite:fuhc:pal.53r
urn:cite:ap:apimg.0000-100v_Arch53r_Sinar_pseudo_no-veil,urn:cite:fuhc:pal.53r
urn:cite:ap:apimg.0000-100v_Arch53r_Sinar_pseudo_sharpie,urn:cite:fuhc:pal.53r
urn:cite:ap:apimg.0000-101v_Arch51r_Heiberg_ultraviolet_stitch,urn:cite:fuhc:pal.51r
urn:cite:ap:apimg.0000-101v_Arch51r_Heiberg_visible_stitch,urn:cite:fuhc:pal.51r
urn:cite:ap:apimg.0000-111r_Arch62v_Heiberg_ultraviolet_stitch,urn:cite:fuhc:pal.62v
urn:cite:ap:apimg.0000-111r_Arch62v_Heiberg_visible_stitch,urn:cite:fuhc:pal.62v
urn:cite:ap:apimg.0000-111v_Arch62r_Heiberg_ultraviolet_stitch,urn:cite:fuhc:pal.62r
urn:cite:ap:apimg.0000-111v_Arch62r_Heiberg_visible_stitch,urn:cite:fuhc:pal.62r
urn:cite:ap:apimg.0000-117v_Arch67r_Heiberg_ultraviolet_stitch,urn:cite:fuhc:pal.67r
urn:cite:ap:apimg.0000-117v_Arch67r_Heiberg_visible_stitch,urn:cite:fuhc:pal.67r
urn:cite:ap:apimg.0000-164v_Arch14r_Heiberg_ultraviolet_stitch,urn:cite:fuhc:pal.14r
urn:cite:ap:apimg.0000-164v_Arch14r_Heiberg_visible_stitch,urn:cite:fuhc:pal.14r
urn:cite:ap:apimg.0000-171r_Arch68v_Sinar_pseudo_no-veil,urn:cite:fuhc:pal.68v
urn:cite:ap:apimg.0000-171r_Arch68v_Sinar_pseudo_sharpie,urn:cite:fuhc:pal.68v
urn:cite:ap:apimg.0000-171v_Arch68r_Sinar_pseudo_no-veil,urn:cite:fuhc:pal.68r
urn:cite:ap:apimg.0000-171v_Arch68r_Sinar_pseudo_sharpie,urn:cite:fuhc:pal.68r
urn:cite:ap:apimg.0000-172v_Arch69r_Heiberg_ultraviolet_stitch,urn:cite:fuhc:pal.69r
urn:cite:ap:apimg.0000-172v_Arch69r_Heiberg_visible_stitch,urn:cite:fuhc:pal.69r
urn:cite:ap:apimg.002r-001v_Arch13r_Sinar_pseudo_no-veil,urn:cite:fuhc:pal.13r
urn:cite:ap:apimg.002r-001v_Arch13r_Sinar_pseudo_sharpie,urn:cite:fuhc:pal.13r
urn:cite:ap:apimg.002v-001r_Arch13v_Sinar_pseudo_no-veil,urn:cite:fuhc:pal.13v
urn:cite:ap:apimg.002v-001r_Arch13v_Sinar_pseudo_sharpie,urn:cite:fuhc:pal.13v
urn:cite:ap:apimg.003r-006v_Arch46r_Sinar_pseudo_no-veil,urn:cite:fuhc:pal.46r
urn:cite:ap:apimg.003r-006v_Arch46r_Sinar_pseudo_sharpie,urn:cite:fuhc:pal.46r
urn:cite:ap:apimg.003v-006r_Arch46v_Sinar_pseudo_no-veil,urn:cite:fuhc:pal.46v
urn:cite:ap:apimg.003v-006r_Arch46v_Sinar_pseudo_sharpie,urn:cite:fuhc:pal.46v
urn:cite:ap:apimg.004r-005v_Arch47r_Sinar_pseudo_no-veil,urn:cite:fuhc:pal.47r
urn:cite:ap:apimg.004r-005v_Arch47r_Sinar_pseudo_sharpie,urn:cite:fuhc:pal.47r
urn:cite:ap:apimg.004v-005r_Arch47v_Sinar_pseudo_no-veil,urn:cite:fuhc:pal.47v
urn:cite:ap:apimg.004v-005r_Arch47v_Sinar_pseudo_sharpie,urn:cite:fuhc:pal.47v
urn:cite:ap:apimg.014r-019v_Arch02r_Sinar_pseudo_no-veil,urn:cite:fuhc:pal.2r
urn:cite:ap:apimg.014r-019v_Arch02r_Sinar_pseudo_sharpie,urn:cite:fuhc:pal.2r
urn:cite:ap:apimg.014v-019r_Arch02v_Sinar_pseudo_no-veil,urn:cite:fuhc:pal.2v
urn:cite:ap:apimg.014v-019r_Arch02v_Sinar_pseudo_sharpie,urn:cite:fuhc:pal.2v
urn:cite:ap:apimg.017r-016v_Arch07r_Heiberg_ultraviolet_stitch,urn:cite:fuhc:pal.7r
urn:cite:ap:apimg.017r-016v_Arch07r_Heiberg_visible_stitch,urn:cite:fuhc:pal.7r
urn:cite:ap:apimg.017r-016v_Arch07r_Sinar_pseudo_no-veil,urn:cite:fuhc:pal.7r
urn:cite:ap:apimg.017r-016v_Arch07r_Sinar_pseudo_sharpie,urn:cite:fuhc:pal.7r
urn:cite:ap:apimg.017v-016r_Arch07v_Sinar_pseudo_no-veil,urn:cite:fuhc:pal.7v
urn:cite:ap:apimg.017v-016r_Arch07v_Sinar_pseudo_sharpie,urn:cite:fuhc:pal.7v
urn:cite:ap:apimg.027r-022v_Arch01r_Sinar_pseudo_no-veil,urn:cite:fuhc:pal.1r
urn:cite:ap:apimg.027r-022v_Arch01r_Sinar_pseudo_sharpie,urn:cite:fuhc:pal.1r
urn:cite:ap:apimg.027v-022r_Arch01v_Sinar_pseudo_no-veil,urn:cite:fuhc:pal.1v
urn:cite:ap:apimg.027v-022r_Arch01v_Sinar_pseudo_sharpie,urn:cite:fuhc:pal.1v
urn:cite:ap:apimg.028r-021v_Arch08r_Heiberg_ultraviolet_stitch,urn:cite:fuhc:pal.8r
urn:cite:ap:apimg.028r-021v_Arch08r_Heiberg_visible_stitch,urn:cite:fuhc:pal.8r
urn:cite:ap:apimg.028r-021v_Arch08r_Sinar_pseudo_no-veil,urn:cite:fuhc:pal.8r
urn:cite:ap:apimg.028r-021v_Arch08r_Sinar_pseudo_sharpie,urn:cite:fuhc:pal.8r
urn:cite:ap:apimg.028v-021r_Arch08v_Sinar_pseudo_no-veil,urn:cite:fuhc:pal.8v
urn:cite:ap:apimg.028v-021r_Arch08v_Sinar_pseudo_sharpie,urn:cite:fuhc:pal.8v
urn:cite:ap:apimg.030r-033v_Arch37r_Sinar_pseudo_no-veil,urn:cite:fuhc:pal.37r
urn:cite:ap:apimg.030r-033v_Arch37r_Sinar_pseudo_sharpie,urn:cite:fuhc:pal.37r
urn:cite:ap:apimg.030v-033r_Arch37v_Sinar_pseudo_no-veil,urn:cite:fuhc:pal.37v
urn:cite:ap:apimg.030v-033r_Arch37v_Sinar_pseudo_sharpie,urn:cite:fuhc:pal.37v
urn:cite:ap:apimg.031r-032v_Arch44r_Sinar_pseudo_no-veil,urn:cite:fuhc:pal.44r
urn:cite:ap:apimg.031r-032v_Arch44r_Sinar_pseudo_sharpie,urn:cite:fuhc:pal.44r
urn:cite:ap:apimg.031v-032r_Arch44v_Sinar_pseudo_no-veil,urn:cite:fuhc:pal.44v
urn:cite:ap:apimg.031v-032r_Arch44v_Sinar_pseudo_sharpie,urn:cite:fuhc:pal.44v
urn:cite:ap:apimg.034r-029v_Arch52r_Sinar_pseudo_no-veil,urn:cite:fuhc:pal.52r
urn:cite:ap:apimg.034r-029v_Arch52r_Sinar_pseudo_sharpie,urn:cite:fuhc:pal.52r
urn:cite:ap:apimg.034v-029r_Arch52v_Sinar_pseudo_no-veil,urn:cite:fuhc:pal.52v
urn:cite:ap:apimg.034v-029r_Arch52v_Sinar_pseudo_sharpie,urn:cite:fuhc:pal.52v
urn:cite:ap:apimg.037r-036v_Arch54r_Sinar_pseudo_no-veil,urn:cite:fuhc:pal.54r
urn:cite:ap:apimg.037r-036v_Arch54r_Sinar_pseudo_sharpie,urn:cite:fuhc:pal.54r
urn:cite:ap:apimg.037v-036r_Arch54v_Sinar_pseudo_no-veil,urn:cite:fuhc:pal.54v
urn:cite:ap:apimg.037v-036r_Arch54v_Sinar_pseudo_sharpie,urn:cite:fuhc:pal.54v
urn:cite:ap:apimg.038r-035v_Arch50r_Sinar_pseudo_no-veil,urn:cite:fuhc:pal.50r
urn:cite:ap:apimg.038r-035v_Arch50r_Sinar_pseudo_sharpie,urn:cite:fuhc:pal.50r
urn:cite:ap:apimg.038v-035r_Arch50v_Sinar_pseudo_no-veil,urn:cite:fuhc:pal.50v
urn:cite:ap:apimg.038v-035r_Arch50v_Sinar_pseudo_sharpie,urn:cite:fuhc:pal.50v
urn:cite:ap:apimg.039r-0000_Arch63r_Sinar_pseudo_no-veil,urn:cite:fuhc:pal.63r
urn:cite:ap:apimg.039r-0000_Arch63r_Sinar_pseudo_sharpie,urn:cite:fuhc:pal.63r
urn:cite:ap:apimg.039v-0000_Arch63v_Sinar_pseudo_no-veil,urn:cite:fuhc:pal.63v
urn:cite:ap:apimg.039v-0000_Arch63v_Sinar_pseudo_sharpie,urn:cite:fuhc:pal.63v
urn:cite:ap:apimg.040r-0000_Arch66r_Sinar_pseudo_no-veil,urn:cite:fuhc:pal.66r
urn:cite:ap:apimg.040r-0000_Arch66r_Sinar_pseudo_sharpie,urn:cite:fuhc:pal.66r
urn:cite:ap:apimg.040v-0000_Arch66v_Sinar_pseudo_no-veil,urn:cite:fuhc:pal.66v
urn:cite:ap:apimg.040v-0000_Arch66v_Sinar_pseudo_sharpie,urn:cite:fuhc:pal.66v
urn:cite:ap:apimg.045r-044v_Arch20r_Heiberg_ultraviolet_stitch,urn:cite:fuhc:pal.20r
urn:cite:ap:apimg.045r-044v_Arch20r_Heiberg_visible_stitch,urn:cite:fuhc:pal.20r
urn:cite:ap:apimg.045r-044v_Arch20r_Sinar_pseudo_no-veil,urn:cite:fuhc:pal.20r
urn:cite:ap:apimg.045r-044v_Arch20r_Sinar_pseudo_sharpie,urn:cite:fuhc:pal.20r
urn:cite:ap:apimg.045v-044r_Arch20v_Heiberg_ultraviolet_stitch,urn:cite:fuhc:pal.20v
urn:cite:ap:apimg.045v-044r_Arch20v_Heiberg_visible_stitch,urn:cite:fuhc:pal.20v
urn:cite:ap:apimg.045v-044r_Arch20v_Sinar_pseudo_no-veil,urn:cite:fuhc:pal.20v
urn:cite:ap:apimg.045v-044r_Arch20v_Sinar_pseudo_sharpie,urn:cite:fuhc:pal.20v
urn:cite:ap:apimg.046r-043v_Arch15r_Heiberg_ultraviolet_stitch,urn:cite:fuhc:pal.15r
urn:cite:ap:apimg.046r-043v_Arch15r_Heiberg_visible_stitch,urn:cite:fuhc:pal.15r
urn:cite:ap:apimg.046r-043v_Arch15r_Sinar_pseudo_no-veil,urn:cite:fuhc:pal.15r
urn:cite:ap:apimg.046r-043v_Arch15r_Sinar_pseudo_sharpie,urn:cite:fuhc:pal.15r
urn:cite:ap:apimg.046v-043r_Arch15v_Heiberg_ultraviolet_stitch,urn:cite:fuhc:pal.15v
urn:cite:ap:apimg.046v-043r_Arch15v_Heiberg_visible_stitch,urn:cite:fuhc:pal.15v
urn:cite:ap:apimg.046v-043r_Arch15v_Sinar_pseudo_no-veil,urn:cite:fuhc:pal.15v
urn:cite:ap:apimg.046v-043r_Arch15v_Sinar_pseudo_sharpie,urn:cite:fuhc:pal.15v
urn:cite:ap:apimg.047r-042v_Arch26r_Heiberg_ultraviolet_stitch,urn:cite:fuhc:pal.26r
urn:cite:ap:apimg.047r-042v_Arch26r_Heiberg_visible_stitch,urn:cite:fuhc:pal.26r
urn:cite:ap:apimg.047r-042v_Arch26r_Sinar_pseudo_no-veil,urn:cite:fuhc:pal.26r
urn:cite:ap:apimg.047r-042v_Arch26r_Sinar_pseudo_sharpie,urn:cite:fuhc:pal.26r
urn:cite:ap:apimg.047v-0000_Arch26v_Heiberg_ultraviolet_stitch,urn:cite:fuhc:pal.26v
urn:cite:ap:apimg.047v-0000_Arch26v_Heiberg_visible_stitch,urn:cite:fuhc:pal.26v
urn:cite:ap:apimg.047v-042r_Arch26v_Sinar_pseudo_no-veil,urn:cite:fuhc:pal.26v
urn:cite:ap:apimg.047v-042r_Arch26v_Sinar_pseudo_sharpie,urn:cite:fuhc:pal.26v
urn:cite:ap:apimg.048r-0000_Arch25r_Heiberg_ultraviolet_stitch,urn:cite:fuhc:pal.25r
urn:cite:ap:apimg.048r-0000_Arch25r_Heiberg_visible_stitch,urn:cite:fuhc:pal.25r
urn:cite:ap:apimg.048r-041v_Arch25r_Sinar_pseudo_no-veil,urn:cite:fuhc:pal.25r
urn:cite:ap:apimg.048r-041v_Arch25r_Sinar_pseudo_sharpie,urn:cite:fuhc:pal.25r
urn:cite:ap:apimg.048v-041r_Arch25v_Heiberg_ultraviolet_stitch,urn:cite:fuhc:pal.25v
urn:cite:ap:apimg.048v-041r_Arch25v_Heiberg_visible_stitch,urn:cite:fuhc:pal.25v
urn:cite:ap:apimg.048v-041r_Arch25v_Sinar_pseudo_no-veil,urn:cite:fuhc:pal.25v
urn:cite:ap:apimg.048v-041r_Arch25v_Sinar_pseudo_sharpie,urn:cite:fuhc:pal.25v
urn:cite:ap:apimg.055r-050v_Arch05r_Heiberg_ultraviolet_stitch,urn:cite:fuhc:pal.5r
urn:cite:ap:apimg.055r-050v_Arch05r_Heiberg_visible_stitch,urn:cite:fuhc:pal.5r
urn:cite:ap:apimg.055r-050v_Arch05r_Sinar_pseudo_no-veil,urn:cite:fuhc:pal.5r
urn:cite:ap:apimg.055r-050v_Arch05r_Sinar_pseudo_sharpie,urn:cite:fuhc:pal.5r
urn:cite:ap:apimg.055v-050r_Arch05v_Heiberg_ultraviolet_stitch,urn:cite:fuhc:pal.5v
urn:cite:ap:apimg.055v-050r_Arch05v_Heiberg_visible_stitch,urn:cite:fuhc:pal.5v
urn:cite:ap:apimg.055v-050r_Arch05v_Sinar_pseudo_no-veil,urn:cite:fuhc:pal.5v
urn:cite:ap:apimg.055v-050r_Arch05v_Sinar_pseudo_sharpie,urn:cite:fuhc:pal.5v
urn:cite:ap:apimg.056r-049v_Arch04r_Heiberg_ultraviolet_stitch,urn:cite:fuhc:pal.4r
urn:cite:ap:apimg.056r-049v_Arch04r_Heiberg_visible_stitch,urn:cite:fuhc:pal.4r
urn:cite:ap:apimg.056r-049v_Arch04r_Sinar_pseudo_no-veil,urn:cite:fuhc:pal.4r
urn:cite:ap:apimg.056r-049v_Arch04r_Sinar_pseudo_sharpie,urn:cite:fuhc:pal.4r
urn:cite:ap:apimg.056v-049r_Arch04v_Heiberg_ultraviolet_stitch,urn:cite:fuhc:pal.4v
urn:cite:ap:apimg.056v-049r_Arch04v_Heiberg_visible_stitch,urn:cite:fuhc:pal.4v
urn:cite:ap:apimg.056v-049r_Arch04v_Sinar_pseudo_no-veil,urn:cite:fuhc:pal.4v
urn:cite:ap:apimg.056v-049r_Arch04v_Sinar_pseudo_sharpie,urn:cite:fuhc:pal.4v
urn:cite:ap:apimg.057r-0000_Arch16r_Heiberg_ultraviolet_stitch,urn:cite:fuhc:pal.16r
urn:cite:ap:apimg.057r-0000_Arch16r_Heiberg_visible_stitch,urn:cite:fuhc:pal.16r
urn:cite:ap:apimg.057r-064v_Arch16r_Sinar_pseudo_no-veil,urn:cite:fuhc:pal.16r
urn:cite:ap:apimg.057r-064v_Arch16r_Sinar_pseudo_sharpie,urn:cite:fuhc:pal.16r
urn:cite:ap:apimg.057v-064r_Arch16v_Heiberg_ultraviolet_stitch,urn:cite:fuhc:pal.16v
urn:cite:ap:apimg.057v-064r_Arch16v_Heiberg_visible_stitch,urn:cite:fuhc:pal.16v
urn:cite:ap:apimg.057v-064r_Arch16v_Sinar_pseudo_no-veil,urn:cite:fuhc:pal.16v
urn:cite:ap:apimg.057v-064r_Arch16v_Sinar_pseudo_sharpie,urn:cite:fuhc:pal.16v
urn:cite:ap:apimg.058r-063v_Arch19r_Heiberg_ultraviolet_stitch,urn:cite:fuhc:pal.19r
urn:cite:ap:apimg.058r-063v_Arch19r_Heiberg_visible_stitch,urn:cite:fuhc:pal.19r
urn:cite:ap:apimg.058r-063v_Arch19r_Sinar_pseudo_no-veil,urn:cite:fuhc:pal.19r
urn:cite:ap:apimg.058r-063v_Arch19r_Sinar_pseudo_sharpie,urn:cite:fuhc:pal.19r
urn:cite:ap:apimg.058v-063r_Arch19v_Heiberg_ultraviolet_stitch,urn:cite:fuhc:pal.19v
urn:cite:ap:apimg.058v-063r_Arch19v_Heiberg_visible_stitch,urn:cite:fuhc:pal.19v
urn:cite:ap:apimg.058v-063r_Arch19v_Sinar_pseudo_no-veil,urn:cite:fuhc:pal.19v
urn:cite:ap:apimg.058v-063r_Arch19v_Sinar_pseudo_sharpie,urn:cite:fuhc:pal.19v
urn:cite:ap:apimg.059r-062v_Arch31r_Heiberg_ultraviolet_stitch,urn:cite:fuhc:pal.31r
urn:cite:ap:apimg.059r-062v_Arch31r_Heiberg_visible_stitch,urn:cite:fuhc:pal.31r
urn:cite:ap:apimg.059r-062v_Arch31r_Sinar_pseudo_no-veil,urn:cite:fuhc:pal.31r
urn:cite:ap:apimg.059r-062v_Arch31r_Sinar_pseudo_sharpie,urn:cite:fuhc:pal.31r
urn:cite:ap:apimg.059v-062r_Arch31v_Sinar_pseudo_no-veil,urn:cite:fuhc:pal.31v
urn:cite:ap:apimg.059v-062r_Arch31v_Sinar_pseudo_sharpie,urn:cite:fuhc:pal.31v
urn:cite:ap:apimg.060r-061v_Arch36r_Sinar_pseudo_no-veil,urn:cite:fuhc:pal.36r
urn:cite:ap:apimg.060r-061v_Arch36r_Sinar_pseudo_sharpie,urn:cite:fuhc:pal.36r
urn:cite:ap:apimg.060v-061r_Arch36v_Sinar_pseudo_no-veil,urn:cite:fuhc:pal.36v
urn:cite:ap:apimg.060v-061r_Arch36v_Sinar_pseudo_sharpie,urn:cite:fuhc:pal.36v
urn:cite:ap:apimg.065r-072v_Arch18r_Heiberg_ultraviolet_stitch,urn:cite:fuhc:pal.18r
urn:cite:ap:apimg.065r-072v_Arch18r_Heiberg_visible_stitch,urn:cite:fuhc:pal.18r
urn:cite:ap:apimg.065r-072v_Arch18r_Sinar_pseudo_no-veil,urn:cite:fuhc:pal.18r
urn:cite:ap:apimg.065r-072v_Arch18r_Sinar_pseudo_sharpie,urn:cite:fuhc:pal.18r
urn:cite:ap:apimg.065v-072r_Arch18v_Heiberg_ultraviolet_stitch,urn:cite:fuhc:pal.18v
urn:cite:ap:apimg.065v-072r_Arch18v_Heiberg_visible_stitch,urn:cite:fuhc:pal.18v
urn:cite:ap:apimg.065v-072r_Arch18v_Sinar_pseudo_no-veil,urn:cite:fuhc:pal.18v
urn:cite:ap:apimg.065v-072r_Arch18v_Sinar_pseudo_sharpie,urn:cite:fuhc:pal.18v
urn:cite:ap:apimg.066r-071v_Arch17r_Heiberg_ultraviolet_stitch,urn:cite:fuhc:pal.17r
urn:cite:ap:apimg.066r-071v_Arch17r_Heiberg_visible_stitch,urn:cite:fuhc:pal.17r
urn:cite:ap:apimg.066r-071v_Arch17r_Sinar_pseudo_no-veil,urn:cite:fuhc:pal.17r
urn:cite:ap:apimg.066r-071v_Arch17r_Sinar_pseudo_sharpie,urn:cite:fuhc:pal.17r
urn:cite:ap:apimg.066v-071r_Arch17v_Heiberg_ultraviolet_stitch,urn:cite:fuhc:pal.17v
urn:cite:ap:apimg.066v-071r_Arch17v_Heiberg_visible_stitch,urn:cite:fuhc:pal.17v
urn:cite:ap:apimg.066v-071r_Arch17v_Sinar_pseudo_no-veil,urn:cite:fuhc:pal.17v
urn:cite:ap:apimg.066v-071r_Arch17v_Sinar_pseudo_sharpie,urn:cite:fuhc:pal.17v
urn:cite:ap:apimg.069r-068v_Arch09r_Heiberg_ultraviolet_stitch,urn:cite:fuhc:pal.9r
urn:cite:ap:apimg.069r-068v_Arch09r_Heiberg_visible_stitch,urn:cite:fuhc:pal.9r
urn:cite:ap:apimg.069r-068v_Arch09r_Sinar_pseudo_no-veil,urn:cite:fuhc:pal.9r
urn:cite:ap:apimg.069r-068v_Arch09r_Sinar_pseudo_sharpie,urn:cite:fuhc:pal.9r
urn:cite:ap:apimg.069v-068r_Arch09v_Heiberg_ultraviolet_stitch,urn:cite:fuhc:pal.9v
urn:cite:ap:apimg.069v-068r_Arch09v_Heiberg_visible_stitch,urn:cite:fuhc:pal.9v
urn:cite:ap:apimg.069v-068r_Arch09v_Sinar_pseudo_no-veil,urn:cite:fuhc:pal.9v
urn:cite:ap:apimg.069v-068r_Arch09v_Sinar_pseudo_sharpie,urn:cite:fuhc:pal.9v
urn:cite:ap:apimg.070r-067v_Arch12r_Heiberg_ultraviolet_stitch,urn:cite:fuhc:pal.12r
urn:cite:ap:apimg.070r-067v_Arch12r_Heiberg_visible_stitch,urn:cite:fuhc:pal.12r
urn:cite:ap:apimg.070r-067v_Arch12r_Sinar_pseudo_no-veil,urn:cite:fuhc:pal.12r
urn:cite:ap:apimg.070r-067v_Arch12r_Sinar_pseudo_sharpie,urn:cite:fuhc:pal.12r
urn:cite:ap:apimg.070v-067r_Arch12v_Heiberg_ultraviolet_stitch,urn:cite:fuhc:pal.12v
urn:cite:ap:apimg.070v-067r_Arch12v_Heiberg_visible_stitch,urn:cite:fuhc:pal.12v
urn:cite:ap:apimg.070v-067r_Arch12v_Sinar_pseudo_no-veil,urn:cite:fuhc:pal.12v
urn:cite:ap:apimg.070v-067r_Arch12v_Sinar_pseudo_sharpie,urn:cite:fuhc:pal.12v
urn:cite:ap:apimg.081r-088v_Arch03r_Sinar_pseudo_no-veil,urn:cite:fuhc:pal.3r
urn:cite:ap:apimg.081r-088v_Arch03r_Sinar_pseudo_sharpie,urn:cite:fuhc:pal.3r
urn:cite:ap:apimg.081v-0000_Arch03v_Heiberg_ultraviolet_stitch,urn:cite:fuhc:pal.3v
urn:cite:ap:apimg.081v-0000_Arch03v_Heiberg_visible_stitch,urn:cite:fuhc:pal.3v
urn:cite:ap:apimg.081v-088r_Arch03v_Sinar_pseudo_no-veil,urn:cite:fuhc:pal.3v
urn:cite:ap:apimg.081v-088r_Arch03v_Sinar_pseudo_sharpie,urn:cite:fuhc:pal.3v
urn:cite:ap:apimg.082r-087v_Arch06r_Heiberg_ultraviolet_stitch,urn:cite:fuhc:pal.6r
urn:cite:ap:apimg.082r-087v_Arch06r_Heiberg_visible_stitch,urn:cite:fuhc:pal.6r
urn:cite:ap:apimg.082r-087v_Arch06r_Sinar_pseudo_no-veil,urn:cite:fuhc:pal.6r
urn:cite:ap:apimg.082r-087v_Arch06r_Sinar_pseudo_sharpie,urn:cite:fuhc:pal.6r
urn:cite:ap:apimg.082v-087r_Arch06v_Heiberg_ultraviolet_stitch,urn:cite:fuhc:pal.6v
urn:cite:ap:apimg.082v-087r_Arch06v_Heiberg_visible_stitch,urn:cite:fuhc:pal.6v
urn:cite:ap:apimg.082v-087r_Arch06v_Sinar_pseudo_no-veil,urn:cite:fuhc:pal.6v
urn:cite:ap:apimg.082v-087r_Arch06v_Sinar_pseudo_sharpie,urn:cite:fuhc:pal.6v
urn:cite:ap:apimg.093r-092v_Arch65r_Sinar_pseudo_no-veil,urn:cite:fuhc:pal.65r
urn:cite:ap:apimg.093r-092v_Arch65r_Sinar_pseudo_sharpie,urn:cite:fuhc:pal.65r
urn:cite:ap:apimg.093v-092r_Arch65v_Sinar_pseudo_no-veil,urn:cite:fuhc:pal.65v
urn:cite:ap:apimg.093v-092r_Arch65v_Sinar_pseudo_sharpie,urn:cite:fuhc:pal.65v
urn:cite:ap:apimg.094r-091v_Arch64r_Sinar_pseudo_no-veil,urn:cite:fuhc:pal.64r
urn:cite:ap:apimg.094r-091v_Arch64r_Sinar_pseudo_sharpie,urn:cite:fuhc:pal.64r
urn:cite:ap:apimg.094v-091r_Arch64v_Sinar_pseudo_no-veil,urn:cite:fuhc:pal.64v
urn:cite:ap:apimg.094v-091r_Arch64v_Sinar_pseudo_sharpie,urn:cite:fuhc:pal.64v
urn:cite:ap:apimg.095r-090v_Arch43r_Sinar_pseudo_no-veil,urn:cite:fuhc:pal.43r
urn:cite:ap:apimg.095r-090v_Arch43r_Sinar_pseudo_sharpie,urn:cite:fuhc:pal.43r
urn:cite:ap:apimg.095v-090r_Arch43v_Sinar_pseudo_no-veil,urn:cite:fuhc:pal.43v
urn:cite:ap:apimg.095v-090r_Arch43v_Sinar_pseudo_sharpie,urn:cite:fuhc:pal.43v
urn:cite:ap:apimg.096r-089v_Arch38r_Sinar_pseudo_no-veil,urn:cite:fuhc:pal.38r
urn:cite:ap:apimg.096r-089v_Arch38r_Sinar_pseudo_sharpie,urn:cite:fuhc:pal.38r
urn:cite:ap:apimg.096v-089r_Arch38v_Sinar_pseudo_no-veil,urn:cite:fuhc:pal.38v
urn:cite:ap:apimg.096v-089r_Arch38v_Sinar_pseudo_sharpie,urn:cite:fuhc:pal.38v
urn:cite:ap:apimg.099r-101v_Arch51r_Sinar_pseudo_no-veil,urn:cite:fuhc:pal.51r
urn:cite:ap:apimg.099r-101v_Arch51r_Sinar_pseudo_sharpie,urn:cite:fuhc:pal.51r
urn:cite:ap:apimg.099v-101r_Arch51v_Heiberg_ultraviolet_stitch,urn:cite:fuhc:pal.51v
urn:cite:ap:apimg.099v-101r_Arch51v_Heiberg_visible_stitch,urn:cite:fuhc:pal.51v
urn:cite:ap:apimg.099v-101r_Arch51v_Sinar_pseudo_no-veil,urn:cite:fuhc:pal.51v
urn:cite:ap:apimg.099v-101r_Arch51v_Sinar_pseudo_sharpie,urn:cite:fuhc:pal.51v
urn:cite:ap:apimg.102r-098v_Arch39r_Sinar_pseudo_no-veil,urn:cite:fuhc:pal.39r
urn:cite:ap:apimg.102r-098v_Arch39r_Sinar_pseudo_sharpie,urn:cite:fuhc:pal.39r
urn:cite:ap:apimg.102v-098r_Arch39v_Sinar_pseudo_no-veil,urn:cite:fuhc:pal.39v
urn:cite:ap:apimg.102v-098r_Arch39v_Sinar_pseudo_sharpie,urn:cite:fuhc:pal.39v
urn:cite:ap:apimg.103r-097v_Arch42r_Sinar_pseudo_no-veil,urn:cite:fuhc:pal.42r
urn:cite:ap:apimg.103r-097v_Arch42r_Sinar_pseudo_sharpie,urn:cite:fuhc:pal.42r
urn:cite:ap:apimg.103v-097r_Arch42v_Sinar_pseudo_no-veil,urn:cite:fuhc:pal.42v
urn:cite:ap:apimg.103v-097r_Arch42v_Sinar_pseudo_sharpie,urn:cite:fuhc:pal.42v
urn:cite:ap:apimg.108r-107v_Arch48r_Heiberg_ultraviolet_stitch,urn:cite:fuhc:pal.48r
urn:cite:ap:apimg.108r-107v_Arch48r_Heiberg_visible_stitch,urn:cite:fuhc:pal.48r
urn:cite:ap:apimg.108r-107v_Arch48r_Sinar_pseudo_no-veil,urn:cite:fuhc:pal.48r
urn:cite:ap:apimg.108r-107v_Arch48r_Sinar_pseudo_sharpie,urn:cite:fuhc:pal.48r
urn:cite:ap:apimg.108v-107r_Arch48v_Heiberg_ultraviolet_stitch,urn:cite:fuhc:pal.48v
urn:cite:ap:apimg.108v-107r_Arch48v_Heiberg_visible_stitch,urn:cite:fuhc:pal.48v
urn:cite:ap:apimg.108v-107r_Arch48v_Sinar_pseudo_no-veil,urn:cite:fuhc:pal.48v
urn:cite:ap:apimg.108v-107r_Arch48v_Sinar_pseudo_sharpie,urn:cite:fuhc:pal.48v
urn:cite:ap:apimg.109r-106v_Arch45r_Heiberg_ultraviolet_stitch,urn:cite:fuhc:pal.45r
urn:cite:ap:apimg.109r-106v_Arch45r_Heiberg_visible_stitch,urn:cite:fuhc:pal.45r
urn:cite:ap:apimg.109r-106v_Arch45r_Sinar_pseudo_no-veil,urn:cite:fuhc:pal.45r
urn:cite:ap:apimg.109r-106v_Arch45r_Sinar_pseudo_sharpie,urn:cite:fuhc:pal.45r
urn:cite:ap:apimg.109v-106r_Arch45v_Heiberg_ultraviolet_stitch,urn:cite:fuhc:pal.45v
urn:cite:ap:apimg.109v-106r_Arch45v_Heiberg_visible_stitch,urn:cite:fuhc:pal.45v
urn:cite:ap:apimg.109v-106r_Arch45v_Sinar_pseudo_no-veil,urn:cite:fuhc:pal.45v
urn:cite:ap:apimg.109v-106r_Arch45v_Sinar_pseudo_sharpie,urn:cite:fuhc:pal.45v
urn:cite:ap:apimg.110r-105v_Arch27r_Heiberg_ultraviolet_stitch,urn:cite:fuhc:pal.27r
urn:cite:ap:apimg.110r-105v_Arch27r_Heiberg_visible_stitch,urn:cite:fuhc:pal.27r
urn:cite:ap:apimg.110r-105v_Arch27r_Sinar_pseudo_no-veil,urn:cite:fuhc:pal.27r
urn:cite:ap:apimg.110r-105v_Arch27r_Sinar_pseudo_sharpie,urn:cite:fuhc:pal.27r
urn:cite:ap:apimg.110v-0000_Arch27v_Heiberg_ultraviolet_stitch,urn:cite:fuhc:pal.27v
urn:cite:ap:apimg.110v-0000_Arch27v_Heiberg_visible_stitch,urn:cite:fuhc:pal.27v
urn:cite:ap:apimg.110v-105r_Arch27v_Sinar_pseudo_no-veil,urn:cite:fuhc:pal.27v
urn:cite:ap:apimg.110v-105r_Arch27v_Sinar_pseudo_sharpie,urn:cite:fuhc:pal.27v
urn:cite:ap:apimg.112r-115v_Arch56r_Sinar_pseudo_no-veil,urn:cite:fuhc:pal.56r
urn:cite:ap:apimg.112r-115v_Arch56r_Sinar_pseudo_sharpie,urn:cite:fuhc:pal.56r
urn:cite:ap:apimg.112v-115r_Arch56v_Sinar_pseudo_no-veil,urn:cite:fuhc:pal.56v
urn:cite:ap:apimg.112v-115r_Arch56v_Sinar_pseudo_sharpie,urn:cite:fuhc:pal.56v
urn:cite:ap:apimg.113r-114v_Arch60r_Heiberg_ultraviolet_stitch,urn:cite:fuhc:pal.60r
urn:cite:ap:apimg.113r-114v_Arch60r_Heiberg_visible_stitch,urn:cite:fuhc:pal.60r
urn:cite:ap:apimg.113r-114v_Arch60r_Sinar_pseudo_no-veil,urn:cite:fuhc:pal.60r
urn:cite:ap:apimg.113r-114v_Arch60r_Sinar_pseudo_sharpie,urn:cite:fuhc:pal.60r
urn:cite:ap:apimg.113v-114r_Arch60v_Heiberg_ultraviolet_stitch,urn:cite:fuhc:pal.60v
urn:cite:ap:apimg.113v-114r_Arch60v_Heiberg_visible_stitch,urn:cite:fuhc:pal.60v
urn:cite:ap:apimg.113v-114r_Arch60v_Sinar_pseudo_no-veil,urn:cite:fuhc:pal.60v
urn:cite:ap:apimg.113v-114r_Arch60v_Sinar_pseudo_sharpie,urn:cite:fuhc:pal.60v
urn:cite:ap:apimg.116r-111v_Arch62r_Sinar_pseudo_no-veil,urn:cite:fuhc:pal.62r
urn:cite:ap:apimg.116r-111v_Arch62r_Sinar_pseudo_sharpie,urn:cite:fuhc:pal.62r
urn:cite:ap:apimg.116v-111r_Arch62v_Sinar_pseudo_no-veil,urn:cite:fuhc:pal.62v
urn:cite:ap:apimg.116v-111r_Arch62v_Sinar_pseudo_sharpie,urn:cite:fuhc:pal.62v
urn:cite:ap:apimg.123r-118v_Arch61r_Heiberg_ultraviolet_stitch,urn:cite:fuhc:pal.61r
urn:cite:ap:apimg.123r-118v_Arch61r_Heiberg_visible_stitch,urn:cite:fuhc:pal.61r
urn:cite:ap:apimg.123r-118v_Arch61r_Sinar_pseudo_no-veil,urn:cite:fuhc:pal.61r
urn:cite:ap:apimg.123r-118v_Arch61r_Sinar_pseudo_sharpie,urn:cite:fuhc:pal.61r
urn:cite:ap:apimg.123v-118r_Arch61v_Heiberg_ultraviolet_stitch,urn:cite:fuhc:pal.61v
urn:cite:ap:apimg.123v-118r_Arch61v_Heiberg_visible_stitch,urn:cite:fuhc:pal.61v
urn:cite:ap:apimg.123v-118r_Arch61v_Sinar_pseudo_no-veil,urn:cite:fuhc:pal.61v
urn:cite:ap:apimg.123v-118r_Arch61v_Sinar_pseudo_sharpie,urn:cite:fuhc:pal.61v
urn:cite:ap:apimg.124r-117v_Arch67r_Sinar_pseudo_no-veil,urn:cite:fuhc:pal.67r
urn:cite:ap:apimg.124r-117v_Arch67r_Sinar_pseudo_sharpie,urn:cite:fuhc:pal.67r
urn:cite:ap:apimg.124v-117r_Arch67v_Sinar_pseudo_no-veil,urn:cite:fuhc:pal.67v
urn:cite:ap:apimg.124v-117r_Arch67v_Sinar_pseudo_sharpie,urn:cite:fuhc:pal.67v
urn:cite:ap:apimg.125r-132v_Arch33r_Sinar_pseudo_no-veil,urn:cite:fuhc:pal.33r
urn:cite:ap:apimg.125r-132v_Arch33r_Sinar_pseudo_sharpie,urn:cite:fuhc:pal.33r
urn:cite:ap:apimg.125v-0000_Arch33v_Heiberg_ultraviolet_stitch,urn:cite:fuhc:pal.33v
urn:cite:ap:apimg.125v-0000_Arch33v_Heiberg_visible_stitch,urn:cite:fuhc:pal.33v
urn:cite:ap:apimg.125v-132r_Arch33v_Sinar_pseudo_no-veil,urn:cite:fuhc:pal.33v
urn:cite:ap:apimg.125v-132r_Arch33v_Sinar_pseudo_sharpie,urn:cite:fuhc:pal.33v
urn:cite:ap:apimg.126r-0000_Arch34r_Heiberg_ultraviolet_stitch,urn:cite:fuhc:pal.34r
urn:cite:ap:apimg.126r-0000_Arch34r_Heiberg_visible_stitch,urn:cite:fuhc:pal.34r
urn:cite:ap:apimg.126r-131v_Arch34r_Sinar_pseudo_no-veil,urn:cite:fuhc:pal.34r
urn:cite:ap:apimg.126r-131v_Arch34r_Sinar_pseudo_sharpie,urn:cite:fuhc:pal.34r
urn:cite:ap:apimg.126v-131r_Arch34v_Sinar_pseudo_no-veil,urn:cite:fuhc:pal.34v
urn:cite:ap:apimg.126v-131r_Arch34v_Sinar_pseudo_sharpie,urn:cite:fuhc:pal.34v
urn:cite:ap:apimg.127r-130v_Arch11r_Sinar_pseudo_no-veil,urn:cite:fuhc:pal.11r
urn:cite:ap:apimg.127r-130v_Arch11r_Sinar_pseudo_sharpie,urn:cite:fuhc:pal.11r
urn:cite:ap:apimg.127v-130r_Arch11v_Sinar_pseudo_no-veil,urn:cite:fuhc:pal.11v
urn:cite:ap:apimg.127v-130r_Arch11v_Sinar_pseudo_sharpie,urn:cite:fuhc:pal.11v
urn:cite:ap:apimg.128r-129v_Arch10r_Sinar_pseudo_no-veil,urn:cite:fuhc:pal.10r
urn:cite:ap:apimg.128r-129v_Arch10r_Sinar_pseudo_sharpie,urn:cite:fuhc:pal.10r
urn:cite:ap:apimg.128v-129r_Arch10v_Sinar_pseudo_no-veil,urn:cite:fuhc:pal.10v
urn:cite:ap:apimg.128v-129r_Arch10v_Sinar_pseudo_sharpie,urn:cite:fuhc:pal.10v
urn:cite:ap:apimg.139r-134v_Arch49r_Sinar_pseudo_no-veil,urn:cite:fuhc:pal.49r
urn:cite:ap:apimg.139r-134v_Arch49r_Sinar_pseudo_sharpie,urn:cite:fuhc:pal.49r
urn:cite:ap:apimg.139v-134r_Arch49v_Sinar_pseudo_no-veil,urn:cite:fuhc:pal.49v
urn:cite:ap:apimg.139v-134r_Arch49v_Sinar_pseudo_sharpie,urn:cite:fuhc:pal.49v
urn:cite:ap:apimg.140r-133v_Arch55r_Sinar_pseudo_no-veil,urn:cite:fuhc:pal.55r
urn:cite:ap:apimg.140r-133v_Arch55r_Sinar_pseudo_sharpie,urn:cite:fuhc:pal.55r
urn:cite:ap:apimg.140v-133r_Arch55v_Sinar_pseudo_no-veil,urn:cite:fuhc:pal.55v
urn:cite:ap:apimg.140v-133r_Arch55v_Sinar_pseudo_sharpie,urn:cite:fuhc:pal.55v
urn:cite:ap:apimg.147r-142v_Arch40v_Sinar_pseudo_no-veil,urn:cite:fuhc:pal.40v
urn:cite:ap:apimg.147r-142v_Arch40v_Sinar_pseudo_sharpie,urn:cite:fuhc:pal.40v
urn:cite:ap:apimg.147v-142r_Arch40r_Sinar_pseudo_no-veil,urn:cite:fuhc:pal.40r
urn:cite:ap:apimg.147v-142r_Arch40r_Sinar_pseudo_sharpie,urn:cite:fuhc:pal.40r
urn:cite:ap:apimg.148r-141v_Arch41v_Sinar_pseudo_no-veil,urn:cite:fuhc:pal.41v
urn:cite:ap:apimg.148r-141v_Arch41v_Sinar_pseudo_sharpie,urn:cite:fuhc:pal.41v
urn:cite:ap:apimg.148v-141r_Arch41r_Sinar_pseudo_no-veil,urn:cite:fuhc:pal.41r
urn:cite:ap:apimg.148v-141r_Arch41r_Sinar_pseudo_sharpie,urn:cite:fuhc:pal.41r
urn:cite:ap:apimg.149r-154v_Arch57r_Sinar_pseudo_no-veil,urn:cite:fuhc:pal.57r
urn:cite:ap:apimg.149r-154v_Arch57r_Sinar_pseudo_sharpie,urn:cite:fuhc:pal.57r
urn:cite:ap:apimg.149v-154r_Arch57v_Sinar_pseudo_no-veil,urn:cite:fuhc:pal.57v
urn:cite:ap:apimg.149v-154r_Arch57v_Sinar_pseudo_sharpie,urn:cite:fuhc:pal.57v
urn:cite:ap:apimg.150r-153v_Arch58r_Sinar_pseudo_no-veil,urn:cite:fuhc:pal.58r
urn:cite:ap:apimg.150r-153v_Arch58r_Sinar_pseudo_sharpie,urn:cite:fuhc:pal.58r
urn:cite:ap:apimg.150v-153r_Arch58v_Sinar_pseudo_no-veil,urn:cite:fuhc:pal.58v
urn:cite:ap:apimg.150v-153r_Arch58v_Sinar_pseudo_sharpie,urn:cite:fuhc:pal.58v
urn:cite:ap:apimg.157r-160v_Arch22r_Sinar_pseudo_no-veil,urn:cite:fuhc:pal.22r
urn:cite:ap:apimg.157r-160v_Arch22r_Sinar_pseudo_sharpie,urn:cite:fuhc:pal.22r
urn:cite:ap:apimg.157v-0000_Arch22v_Heiberg_ultraviolet_stitch,urn:cite:fuhc:pal.22v
urn:cite:ap:apimg.157v-0000_Arch22v_Heiberg_visible_stitch,urn:cite:fuhc:pal.22v
urn:cite:ap:apimg.157v-160r_Arch22v_Sinar_pseudo_no-veil,urn:cite:fuhc:pal.22v
urn:cite:ap:apimg.157v-160r_Arch22v_Sinar_pseudo_sharpie,urn:cite:fuhc:pal.22v
urn:cite:ap:apimg.158r-0000_Arch28r_Heiberg_ultraviolet_stitch,urn:cite:fuhc:pal.28r
urn:cite:ap:apimg.158r-0000_Arch28r_Heiberg_visible_stitch,urn:cite:fuhc:pal.28r
urn:cite:ap:apimg.158r-159v_Arch28r_Sinar_pseudo_no-veil,urn:cite:fuhc:pal.28r
urn:cite:ap:apimg.158r-159v_Arch28r_Sinar_pseudo_sharpie,urn:cite:fuhc:pal.28r
urn:cite:ap:apimg.158v-159r_Arch28v_Sinar_pseudo_no-veil,urn:cite:fuhc:pal.28v
urn:cite:ap:apimg.158v-159r_Arch28v_Sinar_pseudo_sharpie,urn:cite:fuhc:pal.28v
urn:cite:ap:apimg.161r-156v_Arch35r_Sinar_pseudo_no-veil,urn:cite:fuhc:pal.35r
urn:cite:ap:apimg.161r-156v_Arch35r_Sinar_pseudo_sharpie,urn:cite:fuhc:pal.35r
urn:cite:ap:apimg.161v-156r_Arch35v_Sinar_pseudo_no-veil,urn:cite:fuhc:pal.35v
urn:cite:ap:apimg.161v-156r_Arch35v_Sinar_pseudo_sharpie,urn:cite:fuhc:pal.35v
urn:cite:ap:apimg.162r-155v_Arch32r_Heiberg_ultraviolet_stitch,urn:cite:fuhc:pal.32r
urn:cite:ap:apimg.162r-155v_Arch32r_Heiberg_visible_stitch,urn:cite:fuhc:pal.32r
urn:cite:ap:apimg.162r-155v_Arch32r_Sinar_pseudo_no-veil,urn:cite:fuhc:pal.32r
urn:cite:ap:apimg.162r-155v_Arch32r_Sinar_pseudo_sharpie,urn:cite:fuhc:pal.32r
urn:cite:ap:apimg.162v-155r_Arch32v_Sinar_pseudo_no-veil,urn:cite:fuhc:pal.32v
urn:cite:ap:apimg.162v-155r_Arch32v_Sinar_pseudo_sharpie,urn:cite:fuhc:pal.32v
urn:cite:ap:apimg.165r-0000_Arch29v-30r_Heiberg_ultraviolet_stitch,urn:cite:fuhc:pal.29v
urn:cite:ap:apimg.165r-0000_Arch29v-30r_Heiberg_visible_stitch,urn:cite:fuhc:pal.29v
urn:cite:ap:apimg.165r-168v_Arch29v-30r_Sinar_pseudo_no-veil,urn:cite:fuhc:pal.29v
urn:cite:ap:apimg.165r-168v_Arch29v-30r_Sinar_pseudo_sharpie,urn:cite:fuhc:pal.29v
urn:cite:ap:apimg.166r-167v_Arch24r_Heiberg_ultraviolet_stitch,urn:cite:fuhc:pal.24r
urn:cite:ap:apimg.166r-167v_Arch24r_Heiberg_visible_stitch,urn:cite:fuhc:pal.24r
urn:cite:ap:apimg.166r-167v_Arch24r_Sinar_pseudo_no-veil,urn:cite:fuhc:pal.24r
urn:cite:ap:apimg.166r-167v_Arch24r_Sinar_pseudo_sharpie,urn:cite:fuhc:pal.24r
urn:cite:ap:apimg.166v-167r_Arch24v_Heiberg_ultraviolet_stitch,urn:cite:fuhc:pal.24v
urn:cite:ap:apimg.166v-167r_Arch24v_Heiberg_visible_stitch,urn:cite:fuhc:pal.24v
urn:cite:ap:apimg.166v-167r_Arch24v_Sinar_pseudo_no-veil,urn:cite:fuhc:pal.24v
urn:cite:ap:apimg.166v-167r_Arch24v_Sinar_pseudo_sharpie,urn:cite:fuhc:pal.24v
urn:cite:ap:apimg.168r-165v_Arch30v-29r_Heiberg_ultraviolet_stitch,urn:cite:fuhc:pal.30v
urn:cite:ap:apimg.168r-165v_Arch30v-29r_Heiberg_visible_stitch,urn:cite:fuhc:pal.30v
urn:cite:ap:apimg.168r-165v_Arch30v-29r_Sinar_pseudo_no-veil,urn:cite:fuhc:pal.30v
urn:cite:ap:apimg.168r-165v_Arch30v-29r_Sinar_pseudo_sharpie,urn:cite:fuhc:pal.30v
urn:cite:ap:apimg.169r-164v_Arch14r_Sinar_pseudo_no-veil,urn:cite:fuhc:pal.14r
urn:cite:ap:apimg.169r-164v_Arch14r_Sinar_pseudo_sharpie,urn:cite:fuhc:pal.14r
urn:cite:ap:apimg.169v-164r_Arch14v_Heiberg_ultraviolet_stitch,urn:cite:fuhc:pal.14v
urn:cite:ap:apimg.169v-164r_Arch14v_Heiberg_visible_stitch,urn:cite:fuhc:pal.14v
urn:cite:ap:apimg.169v-164r_Arch14v_Sinar_pseudo_no-veil,urn:cite:fuhc:pal.14v
urn:cite:ap:apimg.169v-164r_Arch14v_Sinar_pseudo_sharpie,urn:cite:fuhc:pal.14v
urn:cite:ap:apimg.170r-163v_Arch21r_Heiberg_ultraviolet_stitch,urn:cite:fuhc:pal.21r
urn:cite:ap:apimg.170r-163v_Arch21r_Heiberg_visible_stitch,urn:cite:fuhc:pal.21r
urn:cite:ap:apimg.170r-163v_Arch21r_Sinar_pseudo_no-veil,urn:cite:fuhc:pal.21r
urn:cite:ap:apimg.170r-163v_Arch21r_Sinar_pseudo_sharpie,urn:cite:fuhc:pal.21r
urn:cite:ap:apimg.170v-163r_Arch21v_Sinar_pseudo_no-veil,urn:cite:fuhc:pal.21v
urn:cite:ap:apimg.170v-163r_Arch21v_Sinar_pseudo_sharpie,urn:cite:fuhc:pal.21v
urn:cite:ap:apimg.177r-172v_Arch69r_Sinar_pseudo_no-veil,urn:cite:fuhc:pal.69r
urn:cite:ap:apimg.177r-172v_Arch69r_Sinar_pseudo_sharpie,urn:cite:fuhc:pal.69r
urn:cite:ap:apimg.177v-172r_Arch69v_Heiberg_ultraviolet_stitch,urn:cite:fuhc:pal.69v
urn:cite:ap:apimg.177v-172r_Arch69v_Heiberg_visible_stitch,urn:cite:fuhc:pal.69v
urn:cite:ap:apimg.177v-172r_Arch69v_Sinar_pseudo_no-veil,urn:cite:fuhc:pal.69v
urn:cite:ap:apimg.177v-172r_Arch69v_Sinar_pseudo_sharpie,urn:cite:fuhc:pal.69v
