Folio,DefaultImage
urn:cite:ap:bod8.1r,urn:cite:ecod:codbod8.cb-0008_001r
urn:cite:ap:bod8.1v,urn:cite:ecod:codbod8.cb-0008_001v
urn:cite:ap:bod8.2r,urn:cite:ecod:codbod8.cb-0008_002r
urn:cite:ap:bod8.2v,urn:cite:ecod:codbod8.cb-0008_002v
urn:cite:ap:bod8.3r,urn:cite:ecod:codbod8.cb-0008_003r
urn:cite:ap:bod8.3v,urn:cite:ecod:codbod8.cb-0008_003v
urn:cite:ap:bod8.4r,urn:cite:ecod:codbod8.cb-0008_004r
urn:cite:ap:bod8.4v,urn:cite:ecod:codbod8.cb-0008_004v
urn:cite:ap:bod8.5r,urn:cite:ecod:codbod8.cb-0008_005r
urn:cite:ap:bod8.5v,urn:cite:ecod:codbod8.cb-0008_005v
urn:cite:ap:bod8.6r,urn:cite:ecod:codbod8.cb-0008_006r
urn:cite:ap:bod8.6v,urn:cite:ecod:codbod8.cb-0008_006v
urn:cite:ap:bod8.7r,urn:cite:ecod:codbod8.cb-0008_007r
urn:cite:ap:bod8.7v,urn:cite:ecod:codbod8.cb-0008_007v
urn:cite:ap:bod8.8r,urn:cite:ecod:codbod8.cb-0008_008r
urn:cite:ap:bod8.8v,urn:cite:ecod:codbod8.cb-0008_008v
urn:cite:ap:bod8.9r,urn:cite:ecod:codbod8.cb-0008_009r
urn:cite:ap:bod8.9v,urn:cite:ecod:codbod8.cb-0008_009v
urn:cite:ap:bod8.10r,urn:cite:ecod:codbod8.cb-0008_010r
urn:cite:ap:bod8.10v,urn:cite:ecod:codbod8.cb-0008_010v
urn:cite:ap:bod8.11r,urn:cite:ecod:codbod8.cb-0008_011r
urn:cite:ap:bod8.11v,urn:cite:ecod:codbod8.cb-0008_011v
urn:cite:ap:bod8.12r,urn:cite:ecod:codbod8.cb-0008_012r
urn:cite:ap:bod8.12v,urn:cite:ecod:codbod8.cb-0008_012v
urn:cite:ap:bod8.13r,urn:cite:ecod:codbod8.cb-0008_013r
urn:cite:ap:bod8.13v,urn:cite:ecod:codbod8.cb-0008_013v
urn:cite:ap:bod8.14r,urn:cite:ecod:codbod8.cb-0008_014r
urn:cite:ap:bod8.14v,urn:cite:ecod:codbod8.cb-0008_014v
urn:cite:ap:bod8.15r,urn:cite:ecod:codbod8.cb-0008_015r
urn:cite:ap:bod8.15v,urn:cite:ecod:codbod8.cb-0008_015v
urn:cite:ap:bod8.16r,urn:cite:ecod:codbod8.cb-0008_016r
urn:cite:ap:bod8.16v,urn:cite:ecod:codbod8.cb-0008_016v
urn:cite:ap:bod8.17r,urn:cite:ecod:codbod8.cb-0008_017r
urn:cite:ap:bod8.17v,urn:cite:ecod:codbod8.cb-0008_017v
urn:cite:ap:bod8.18r,urn:cite:ecod:codbod8.cb-0008_018r
urn:cite:ap:bod8.18v,urn:cite:ecod:codbod8.cb-0008_018v
urn:cite:ap:bod8.19r,urn:cite:ecod:codbod8.cb-0008_019r
urn:cite:ap:bod8.19v,urn:cite:ecod:codbod8.cb-0008_019v
urn:cite:ap:bod8.20r,urn:cite:ecod:codbod8.cb-0008_020r
urn:cite:ap:bod8.20v,urn:cite:ecod:codbod8.cb-0008_020v
urn:cite:ap:bod8.21r,urn:cite:ecod:codbod8.cb-0008_021r
urn:cite:ap:bod8.21v,urn:cite:ecod:codbod8.cb-0008_021v
urn:cite:ap:bod8.22r,urn:cite:ecod:codbod8.cb-0008_022r
urn:cite:ap:bod8.22v,urn:cite:ecod:codbod8.cb-0008_022v
urn:cite:ap:bod8.23r,urn:cite:ecod:codbod8.cb-0008_023r
urn:cite:ap:bod8.23v,urn:cite:ecod:codbod8.cb-0008_023v
urn:cite:ap:bod8.24r,urn:cite:ecod:codbod8.cb-0008_024r
urn:cite:ap:bod8.24v,urn:cite:ecod:codbod8.cb-0008_024v
urn:cite:ap:bod8.25r,urn:cite:ecod:codbod8.cb-0008_025r
urn:cite:ap:bod8.25v,urn:cite:ecod:codbod8.cb-0008_025v
urn:cite:ap:bod8.26r,urn:cite:ecod:codbod8.cb-0008_026r
urn:cite:ap:bod8.26v,urn:cite:ecod:codbod8.cb-0008_026v
urn:cite:ap:bod8.27r,urn:cite:ecod:codbod8.cb-0008_027r
urn:cite:ap:bod8.27v,urn:cite:ecod:codbod8.cb-0008_027v
urn:cite:ap:bod8.28r,urn:cite:ecod:codbod8.cb-0008_028r
urn:cite:ap:bod8.28v,urn:cite:ecod:codbod8.cb-0008_028v
urn:cite:ap:bod8.29t,urn:cite:ecod:codbod8.cb-0008_029r
urn:cite:ap:bod8.29v,urn:cite:ecod:codbod8.cb-0008_029v
urn:cite:ap:bod8.30r,urn:cite:ecod:codbod8.cb-0008_030r
urn:cite:ap:bod8.30v,urn:cite:ecod:codbod8.cb-0008_030v
urn:cite:ap:bod8.31r,urn:cite:ecod:codbod8.cb-0008_031r
urn:cite:ap:bod8.31v,urn:cite:ecod:codbod8.cb-0008_031v
urn:cite:ap:bod8.32r,urn:cite:ecod:codbod8.cb-0008_032r
urn:cite:ap:bod8.32v,urn:cite:ecod:codbod8.cb-0008_032v
urn:cite:ap:bod8.33r,urn:cite:ecod:codbod8.cb-0008_033r
urn:cite:ap:bod8.33v,urn:cite:ecod:codbod8.cb-0008_033v
urn:cite:ap:bod8.34r,urn:cite:ecod:codbod8.cb-0008_034r
urn:cite:ap:bod8.34v,urn:cite:ecod:codbod8.cb-0008_034v
urn:cite:ap:bod8.35r,urn:cite:ecod:codbod8.cb-0008_035r
urn:cite:ap:bod8.35v,urn:cite:ecod:codbod8.cb-0008_035v
urn:cite:ap:bod8.36r,urn:cite:ecod:codbod8.cb-0008_036r
urn:cite:ap:bod8.36v,urn:cite:ecod:codbod8.cb-0008_036v
urn:cite:ap:bod8.37r,urn:cite:ecod:codbod8.cb-0008_037r
urn:cite:ap:bod8.37v,urn:cite:ecod:codbod8.cb-0008_037v
urn:cite:ap:bod8.38r,urn:cite:ecod:codbod8.cb-0008_038r
urn:cite:ap:bod8.38v,urn:cite:ecod:codbod8.cb-0008_038v
urn:cite:ap:bod8.39r,urn:cite:ecod:codbod8.cb-0008_039r
urn:cite:ap:bod8.39v,urn:cite:ecod:codbod8.cb-0008_039v
urn:cite:ap:bod8.40r,urn:cite:ecod:codbod8.cb-0008_040r
urn:cite:ap:bod8.40v,urn:cite:ecod:codbod8.cb-0008_040v
urn:cite:ap:bod8.41r,urn:cite:ecod:codbod8.cb-0008_041r
urn:cite:ap:bod8.41v,urn:cite:ecod:codbod8.cb-0008_041v
urn:cite:ap:bod8.42r,urn:cite:ecod:codbod8.cb-0008_042r
urn:cite:ap:bod8.42v,urn:cite:ecod:codbod8.cb-0008_042v
urn:cite:ap:bod8.43r,urn:cite:ecod:codbod8.cb-0008_043r
urn:cite:ap:bod8.43v,urn:cite:ecod:codbod8.cb-0008_043v
urn:cite:ap:bod8.44r,urn:cite:ecod:codbod8.cb-0008_044r
urn:cite:ap:bod8.44v,urn:cite:ecod:codbod8.cb-0008_044v
urn:cite:ap:bod8.45r,urn:cite:ecod:codbod8.cb-0008_045r
urn:cite:ap:bod8.45v,urn:cite:ecod:codbod8.cb-0008_045v
urn:cite:ap:bod8.46r,urn:cite:ecod:codbod8.cb-0008_046r
urn:cite:ap:bod8.46v,urn:cite:ecod:codbod8.cb-0008_046v
urn:cite:ap:bod8.47r,urn:cite:ecod:codbod8.cb-0008_047r
urn:cite:ap:bod8.47v,urn:cite:ecod:codbod8.cb-0008_047v
urn:cite:ap:bod8.48r,urn:cite:ecod:codbod8.cb-0008_048r
urn:cite:ap:bod8.48v,urn:cite:ecod:codbod8.cb-0008_048v
urn:cite:ap:bod8.49r,urn:cite:ecod:codbod8.cb-0008_049r
urn:cite:ap:bod8.49v,urn:cite:ecod:codbod8.cb-0008_049v
urn:cite:ap:bod8.50r,urn:cite:ecod:codbod8.cb-0008_050r
urn:cite:ap:bod8.50v,urn:cite:ecod:codbod8.cb-0008_050v
urn:cite:ap:bod8.51r,urn:cite:ecod:codbod8.cb-0008_051r
urn:cite:ap:bod8.51v,urn:cite:ecod:codbod8.cb-0008_051v
urn:cite:ap:bod8.52r,urn:cite:ecod:codbod8.cb-0008_052r
urn:cite:ap:bod8.52v,urn:cite:ecod:codbod8.cb-0008_052v
urn:cite:ap:bod8.53r,urn:cite:ecod:codbod8.cb-0008_053r
urn:cite:ap:bod8.53v,urn:cite:ecod:codbod8.cb-0008_053v
urn:cite:ap:bod8.54r,urn:cite:ecod:codbod8.cb-0008_054r
urn:cite:ap:bod8.54v,urn:cite:ecod:codbod8.cb-0008_054v
urn:cite:ap:bod8.55r,urn:cite:ecod:codbod8.cb-0008_055r
urn:cite:ap:bod8.55v,urn:cite:ecod:codbod8.cb-0008_055v
urn:cite:ap:bod8.56r,urn:cite:ecod:codbod8.cb-0008_056r
urn:cite:ap:bod8.56v,urn:cite:ecod:codbod8.cb-0008_056v
urn:cite:ap:bod8.57r,urn:cite:ecod:codbod8.cb-0008_057r
urn:cite:ap:bod8.57v,urn:cite:ecod:codbod8.cb-0008_057v
urn:cite:ap:bod8.58r,urn:cite:ecod:codbod8.cb-0008_058r
urn:cite:ap:bod8.58v,urn:cite:ecod:codbod8.cb-0008_058v
urn:cite:ap:bod8.59r,urn:cite:ecod:codbod8.cb-0008_059r
urn:cite:ap:bod8.59v,urn:cite:ecod:codbod8.cb-0008_059v
urn:cite:ap:bod8.60r,urn:cite:ecod:codbod8.cb-0008_060r
urn:cite:ap:bod8.60v,urn:cite:ecod:codbod8.cb-0008_060v
urn:cite:ap:bod8.61r,urn:cite:ecod:codbod8.cb-0008_061r
urn:cite:ap:bod8.61v,urn:cite:ecod:codbod8.cb-0008_061v
urn:cite:ap:bod8.62r,urn:cite:ecod:codbod8.cb-0008_062r
urn:cite:ap:bod8.62v,urn:cite:ecod:codbod8.cb-0008_062v
urn:cite:ap:bod8.63r,urn:cite:ecod:codbod8.cb-0008_063r
urn:cite:ap:bod8.63v,urn:cite:ecod:codbod8.cb-0008_063v
urn:cite:ap:bod8.64r,urn:cite:ecod:codbod8.cb-0008_064r
urn:cite:ap:bod8.64v,urn:cite:ecod:codbod8.cb-0008_064v
urn:cite:ap:bod8.65r,urn:cite:ecod:codbod8.cb-0008_065r
urn:cite:ap:bod8.65v,urn:cite:ecod:codbod8.cb-0008_065v
urn:cite:ap:bod8.66r,urn:cite:ecod:codbod8.cb-0008_066r
urn:cite:ap:bod8.66v,urn:cite:ecod:codbod8.cb-0008_066v
urn:cite:ap:bod8.67r,urn:cite:ecod:codbod8.cb-0008_067r
urn:cite:ap:bod8.67v,urn:cite:ecod:codbod8.cb-0008_067v
urn:cite:ap:bod8.68r,urn:cite:ecod:codbod8.cb-0008_068r
urn:cite:ap:bod8.68v,urn:cite:ecod:codbod8.cb-0008_068v
urn:cite:ap:bod8.69r,urn:cite:ecod:codbod8.cb-0008_069r
urn:cite:ap:bod8.69v,urn:cite:ecod:codbod8.cb-0008_069v
urn:cite:ap:bod8.70r,urn:cite:ecod:codbod8.cb-0008_070r
urn:cite:ap:bod8.70v,urn:cite:ecod:codbod8.cb-0008_070v
urn:cite:ap:bod8.71r,urn:cite:ecod:codbod8.cb-0008_071r
urn:cite:ap:bod8.71v,urn:cite:ecod:codbod8.cb-0008_071v
urn:cite:ap:bod8.72r,urn:cite:ecod:codbod8.cb-0008_072r
urn:cite:ap:bod8.72v,urn:cite:ecod:codbod8.cb-0008_072v
urn:cite:ap:bod8.73r,urn:cite:ecod:codbod8.cb-0008_073r
urn:cite:ap:bod8.73v,urn:cite:ecod:codbod8.cb-0008_073v
urn:cite:ap:bod8.74r,urn:cite:ecod:codbod8.cb-0008_074r
urn:cite:ap:bod8.74v,urn:cite:ecod:codbod8.cb-0008_074v
urn:cite:ap:bod8.75r,urn:cite:ecod:codbod8.cb-0008_075r
urn:cite:ap:bod8.75v,urn:cite:ecod:codbod8.cb-0008_075v
urn:cite:ap:bod8.76r,urn:cite:ecod:codbod8.cb-0008_076r
urn:cite:ap:bod8.76v,urn:cite:ecod:codbod8.cb-0008_076v
urn:cite:ap:bod8.77r,urn:cite:ecod:codbod8.cb-0008_077r
urn:cite:ap:bod8.77v,urn:cite:ecod:codbod8.cb-0008_077v
urn:cite:ap:bod8.78r,urn:cite:ecod:codbod8.cb-0008_078r
urn:cite:ap:bod8.78v,urn:cite:ecod:codbod8.cb-0008_078v
urn:cite:ap:bod8.79r,urn:cite:ecod:codbod8.cb-0008_079r
urn:cite:ap:bod8.79v,urn:cite:ecod:codbod8.cb-0008_079v
urn:cite:ap:bod8.80r,urn:cite:ecod:codbod8.cb-0008_080r
urn:cite:ap:bod8.80v,urn:cite:ecod:codbod8.cb-0008_080v
urn:cite:ap:bod8.81r,urn:cite:ecod:codbod8.cb-0008_081r
urn:cite:ap:bod8.81v,urn:cite:ecod:codbod8.cb-0008_081v
urn:cite:ap:bod8.82r,urn:cite:ecod:codbod8.cb-0008_082r
urn:cite:ap:bod8.82v,urn:cite:ecod:codbod8.cb-0008_082v
urn:cite:ap:bod8.83r,urn:cite:ecod:codbod8.cb-0008_083r
urn:cite:ap:bod8.83v,urn:cite:ecod:codbod8.cb-0008_083v
urn:cite:ap:bod8.84r,urn:cite:ecod:codbod8.cb-0008_084r
urn:cite:ap:bod8.84v,urn:cite:ecod:codbod8.cb-0008_084v
urn:cite:ap:bod8.85r,urn:cite:ecod:codbod8.cb-0008_085r
urn:cite:ap:bod8.85v,urn:cite:ecod:codbod8.cb-0008_085v
urn:cite:ap:bod8.86r,urn:cite:ecod:codbod8.cb-0008_086r
urn:cite:ap:bod8.86v,urn:cite:ecod:codbod8.cb-0008_086v
urn:cite:ap:bod8.87r,urn:cite:ecod:codbod8.cb-0008_087r
urn:cite:ap:bod8.87v,urn:cite:ecod:codbod8.cb-0008_087v
urn:cite:ap:bod8.88r,urn:cite:ecod:codbod8.cb-0008_088r
urn:cite:ap:bod8.88v,urn:cite:ecod:codbod8.cb-0008_088v
urn:cite:ap:bod8.89r,urn:cite:ecod:codbod8.cb-0008_089r
urn:cite:ap:bod8.89v,urn:cite:ecod:codbod8.cb-0008_089v
urn:cite:ap:bod8.90r,urn:cite:ecod:codbod8.cb-0008_090r
urn:cite:ap:bod8.90v,urn:cite:ecod:codbod8.cb-0008_090v
urn:cite:ap:bod8.91r,urn:cite:ecod:codbod8.cb-0008_091r
urn:cite:ap:bod8.91v,urn:cite:ecod:codbod8.cb-0008_091v
urn:cite:ap:bod8.92r,urn:cite:ecod:codbod8.cb-0008_092r
urn:cite:ap:bod8.92v,urn:cite:ecod:codbod8.cb-0008_092v
urn:cite:ap:bod8.93r,urn:cite:ecod:codbod8.cb-0008_093r
urn:cite:ap:bod8.93v,urn:cite:ecod:codbod8.cb-0008_093v
urn:cite:ap:bod8.94r,urn:cite:ecod:codbod8.cb-0008_094r
urn:cite:ap:bod8.94v,urn:cite:ecod:codbod8.cb-0008_094v
urn:cite:ap:bod8.95r,urn:cite:ecod:codbod8.cb-0008_095r
urn:cite:ap:bod8.95v,urn:cite:ecod:codbod8.cb-0008_095v
urn:cite:ap:bod8.96r,urn:cite:ecod:codbod8.cb-0008_096r
urn:cite:ap:bod8.96v,urn:cite:ecod:codbod8.cb-0008_096v
urn:cite:ap:bod8.97r,urn:cite:ecod:codbod8.cb-0008_097r
urn:cite:ap:bod8.97v,urn:cite:ecod:codbod8.cb-0008_097v
urn:cite:ap:bod8.98r,urn:cite:ecod:codbod8.cb-0008_098r
urn:cite:ap:bod8.98v,urn:cite:ecod:codbod8.cb-0008_098v
urn:cite:ap:bod8.99r,urn:cite:ecod:codbod8.cb-0008_099r
urn:cite:ap:bod8.99v,urn:cite:ecod:codbod8.cb-0008_099v
urn:cite:ap:bod8.100r,urn:cite:ecod:codbod8.cb-0008_100r
urn:cite:ap:bod8.100v,urn:cite:ecod:codbod8.cb-0008_100v
urn:cite:ap:bod8.101r,urn:cite:ecod:codbod8.cb-0008_101r
urn:cite:ap:bod8.101v,urn:cite:ecod:codbod8.cb-0008_101v
urn:cite:ap:bod8.102r,urn:cite:ecod:codbod8.cb-0008_102r
urn:cite:ap:bod8.102v,urn:cite:ecod:codbod8.cb-0008_102v
urn:cite:ap:bod8.103r,urn:cite:ecod:codbod8.cb-0008_103r
urn:cite:ap:bod8.103v,urn:cite:ecod:codbod8.cb-0008_103v
urn:cite:ap:bod8.104r,urn:cite:ecod:codbod8.cb-0008_104r
urn:cite:ap:bod8.104v,urn:cite:ecod:codbod8.cb-0008_104v
urn:cite:ap:bod8.105r,urn:cite:ecod:codbod8.cb-0008_105r
urn:cite:ap:bod8.105v,urn:cite:ecod:codbod8.cb-0008_105v
urn:cite:ap:bod8.106r,urn:cite:ecod:codbod8.cb-0008_106r
urn:cite:ap:bod8.106v,urn:cite:ecod:codbod8.cb-0008_106v
urn:cite:ap:bod8.107r,urn:cite:ecod:codbod8.cb-0008_107r
urn:cite:ap:bod8.107v,urn:cite:ecod:codbod8.cb-0008_107v
urn:cite:ap:bod8.108r,urn:cite:ecod:codbod8.cb-0008_108r
urn:cite:ap:bod8.108v,urn:cite:ecod:codbod8.cb-0008_108v
urn:cite:ap:bod8.109r,urn:cite:ecod:codbod8.cb-0008_109r
urn:cite:ap:bod8.109v,urn:cite:ecod:codbod8.cb-0008_109v
urn:cite:ap:bod8.110r,urn:cite:ecod:codbod8.cb-0008_110r
urn:cite:ap:bod8.110v,urn:cite:ecod:codbod8.cb-0008_110v
urn:cite:ap:bod8.111r,urn:cite:ecod:codbod8.cb-0008_111r
urn:cite:ap:bod8.111v,urn:cite:ecod:codbod8.cb-0008_111v
urn:cite:ap:bod8.112r,urn:cite:ecod:codbod8.cb-0008_112r
urn:cite:ap:bod8.112v,urn:cite:ecod:codbod8.cb-0008_112v
urn:cite:ap:bod8.113r,urn:cite:ecod:codbod8.cb-0008_113r
urn:cite:ap:bod8.113v,urn:cite:ecod:codbod8.cb-0008_113v
urn:cite:ap:bod8.114r,urn:cite:ecod:codbod8.cb-0008_114r
urn:cite:ap:bod8.114v,urn:cite:ecod:codbod8.cb-0008_114v
urn:cite:ap:bod8.115r,urn:cite:ecod:codbod8.cb-0008_115r
urn:cite:ap:bod8.115v,urn:cite:ecod:codbod8.cb-0008_115v
urn:cite:ap:bod8.116r,urn:cite:ecod:codbod8.cb-0008_116r
urn:cite:ap:bod8.116v,urn:cite:ecod:codbod8.cb-0008_116v
urn:cite:ap:bod8.117r,urn:cite:ecod:codbod8.cb-0008_117r
urn:cite:ap:bod8.117v,urn:cite:ecod:codbod8.cb-0008_117v
urn:cite:ap:bod8.118r,urn:cite:ecod:codbod8.cb-0008_118r
urn:cite:ap:bod8.118v,urn:cite:ecod:codbod8.cb-0008_118v
urn:cite:ap:bod8.119r,urn:cite:ecod:codbod8.cb-0008_119r
urn:cite:ap:bod8.119v,urn:cite:ecod:codbod8.cb-0008_119v
urn:cite:ap:bod8.120r,urn:cite:ecod:codbod8.cb-0008_120r
urn:cite:ap:bod8.120v,urn:cite:ecod:codbod8.cb-0008_120v
urn:cite:ap:bod8.121r,urn:cite:ecod:codbod8.cb-0008_121r
urn:cite:ap:bod8.121v,urn:cite:ecod:codbod8.cb-0008_121v
urn:cite:ap:bod8.122r,urn:cite:ecod:codbod8.cb-0008_122r
urn:cite:ap:bod8.122v,urn:cite:ecod:codbod8.cb-0008_122v
urn:cite:ap:bod8.123r,urn:cite:ecod:codbod8.cb-0008_123r
urn:cite:ap:bod8.123v,urn:cite:ecod:codbod8.cb-0008_123v
urn:cite:ap:bod8.124r,urn:cite:ecod:codbod8.cb-0008_124r
urn:cite:ap:bod8.124v,urn:cite:ecod:codbod8.cb-0008_124v
urn:cite:ap:bod8.125r,urn:cite:ecod:codbod8.cb-0008_125r
urn:cite:ap:bod8.125v,urn:cite:ecod:codbod8.cb-0008_125v
urn:cite:ap:bod8.126r,urn:cite:ecod:codbod8.cb-0008_126r
urn:cite:ap:bod8.126v,urn:cite:ecod:codbod8.cb-0008_126v
urn:cite:ap:bod8.127r,urn:cite:ecod:codbod8.cb-0008_127r
urn:cite:ap:bod8.127v,urn:cite:ecod:codbod8.cb-0008_127v
urn:cite:ap:bod8.128r,urn:cite:ecod:codbod8.cb-0008_128r
urn:cite:ap:bod8.128v,urn:cite:ecod:codbod8.cb-0008_128v
urn:cite:ap:bod8.129r,urn:cite:ecod:codbod8.cb-0008_129r
urn:cite:ap:bod8.129v,urn:cite:ecod:codbod8.cb-0008_129v
urn:cite:ap:bod8.130r,urn:cite:ecod:codbod8.cb-0008_130r
urn:cite:ap:bod8.130v,urn:cite:ecod:codbod8.cb-0008_130v
urn:cite:ap:bod8.131r,urn:cite:ecod:codbod8.cb-0008_131r
urn:cite:ap:bod8.131v,urn:cite:ecod:codbod8.cb-0008_131v
urn:cite:ap:bod8.132r,urn:cite:ecod:codbod8.cb-0008_132r
urn:cite:ap:bod8.132v,urn:cite:ecod:codbod8.cb-0008_132v
urn:cite:ap:bod8.133r,urn:cite:ecod:codbod8.cb-0008_133r
urn:cite:ap:bod8.133v,urn:cite:ecod:codbod8.cb-0008_133v
urn:cite:ap:bod8.134r,urn:cite:ecod:codbod8.cb-0008_134r
urn:cite:ap:bod8.134v,urn:cite:ecod:codbod8.cb-0008_134v
urn:cite:ap:bod8.135r,urn:cite:ecod:codbod8.cb-0008_135r
urn:cite:ap:bod8.135v,urn:cite:ecod:codbod8.cb-0008_135v
urn:cite:ap:bod8.136r,urn:cite:ecod:codbod8.cb-0008_136r
urn:cite:ap:bod8.136v,urn:cite:ecod:codbod8.cb-0008_136v
urn:cite:ap:bod8.137r,urn:cite:ecod:codbod8.cb-0008_137r
urn:cite:ap:bod8.137v,urn:cite:ecod:codbod8.cb-0008_137v
urn:cite:ap:bod8.138r,urn:cite:ecod:codbod8.cb-0008_138r
urn:cite:ap:bod8.138v,urn:cite:ecod:codbod8.cb-0008_138v
urn:cite:ap:bod8.139r,urn:cite:ecod:codbod8.cb-0008_139r
urn:cite:ap:bod8.139v,urn:cite:ecod:codbod8.cb-0008_139v
urn:cite:ap:bod8.140r,urn:cite:ecod:codbod8.cb-0008_140r
urn:cite:ap:bod8.140v,urn:cite:ecod:codbod8.cb-0008_140v
urn:cite:ap:bod8.141r,urn:cite:ecod:codbod8.cb-0008_141r
urn:cite:ap:bod8.141v,urn:cite:ecod:codbod8.cb-0008_141v
urn:cite:ap:bod8.142r,urn:cite:ecod:codbod8.cb-0008_142r
urn:cite:ap:bod8.142v,urn:cite:ecod:codbod8.cb-0008_142v
urn:cite:ap:bod8.143r,urn:cite:ecod:codbod8.cb-0008_143r
urn:cite:ap:bod8.143v,urn:cite:ecod:codbod8.cb-0008_143v
urn:cite:ap:bod8.144r,urn:cite:ecod:codbod8.cb-0008_144r
urn:cite:ap:bod8.144v,urn:cite:ecod:codbod8.cb-0008_144v
urn:cite:ap:bod8.145r,urn:cite:ecod:codbod8.cb-0008_145r
urn:cite:ap:bod8.145v,urn:cite:ecod:codbod8.cb-0008_145v
urn:cite:ap:bod8.146r,urn:cite:ecod:codbod8.cb-0008_146r
urn:cite:ap:bod8.146v,urn:cite:ecod:codbod8.cb-0008_146v
urn:cite:ap:bod8.147r,urn:cite:ecod:codbod8.cb-0008_147r
urn:cite:ap:bod8.147v,urn:cite:ecod:codbod8.cb-0008_147v
urn:cite:ap:bod8.148r,urn:cite:ecod:codbod8.cb-0008_148r
urn:cite:ap:bod8.148v,urn:cite:ecod:codbod8.cb-0008_148v
urn:cite:ap:bod8.149r,urn:cite:ecod:codbod8.cb-0008_149r
urn:cite:ap:bod8.149v,urn:cite:ecod:codbod8.cb-0008_149v
urn:cite:ap:bod8.150r,urn:cite:ecod:codbod8.cb-0008_150r
urn:cite:ap:bod8.150v,urn:cite:ecod:codbod8.cb-0008_150v
urn:cite:ap:bod8.151r,urn:cite:ecod:codbod8.cb-0008_151r
urn:cite:ap:bod8.151v,urn:cite:ecod:codbod8.cb-0008_151v
urn:cite:ap:bod8.152r,urn:cite:ecod:codbod8.cb-0008_152r
urn:cite:ap:bod8.152v,urn:cite:ecod:codbod8.cb-0008_152v
urn:cite:ap:bod8.153r,urn:cite:ecod:codbod8.cb-0008_153r
urn:cite:ap:bod8.153v,urn:cite:ecod:codbod8.cb-0008_153v
urn:cite:ap:bod8.154r,urn:cite:ecod:codbod8.cb-0008_154r
urn:cite:ap:bod8.154v,urn:cite:ecod:codbod8.cb-0008_154v
urn:cite:ap:bod8.155r,urn:cite:ecod:codbod8.cb-0008_155r
urn:cite:ap:bod8.155v,urn:cite:ecod:codbod8.cb-0008_155v
urn:cite:ap:bod8.156r,urn:cite:ecod:codbod8.cb-0008_156r
urn:cite:ap:bod8.156v,urn:cite:ecod:codbod8.cb-0008_156v
urn:cite:ap:bod8.157r,urn:cite:ecod:codbod8.cb-0008_157r
urn:cite:ap:bod8.157v,urn:cite:ecod:codbod8.cb-0008_157v
urn:cite:ap:bod8.158r,urn:cite:ecod:codbod8.cb-0008_158r
urn:cite:ap:bod8.158v,urn:cite:ecod:codbod8.cb-0008_158v
urn:cite:ap:bod8.159r,urn:cite:ecod:codbod8.cb-0008_159r
urn:cite:ap:bod8.159v,urn:cite:ecod:codbod8.cb-0008_159v
urn:cite:ap:bod8.160r,urn:cite:ecod:codbod8.cb-0008_160r
urn:cite:ap:bod8.160v,urn:cite:ecod:codbod8.cb-0008_160v
urn:cite:ap:bod8.161r,urn:cite:ecod:codbod8.cb-0008_161r
urn:cite:ap:bod8.161v,urn:cite:ecod:codbod8.cb-0008_161v
urn:cite:ap:bod8.162r,urn:cite:ecod:codbod8.cb-0008_162r
urn:cite:ap:bod8.162v,urn:cite:ecod:codbod8.cb-0008_162v
urn:cite:ap:bod8.163r,urn:cite:ecod:codbod8.cb-0008_163r
urn:cite:ap:bod8.163v,urn:cite:ecod:codbod8.cb-0008_163v
urn:cite:ap:bod8.164r,urn:cite:ecod:codbod8.cb-0008_164r
urn:cite:ap:bod8.164v,urn:cite:ecod:codbod8.cb-0008_164v
urn:cite:ap:bod8.165r,urn:cite:ecod:codbod8.cb-0008_165r
urn:cite:ap:bod8.165v,urn:cite:ecod:codbod8.cb-0008_165v
urn:cite:ap:bod8.166r,urn:cite:ecod:codbod8.cb-0008_166r
urn:cite:ap:bod8.166v,urn:cite:ecod:codbod8.cb-0008_166v
urn:cite:ap:bod8.167r,urn:cite:ecod:codbod8.cb-0008_167r
urn:cite:ap:bod8.167v,urn:cite:ecod:codbod8.cb-0008_167v
urn:cite:ap:bod8.168r,urn:cite:ecod:codbod8.cb-0008_168r
urn:cite:ap:bod8.168v,urn:cite:ecod:codbod8.cb-0008_168v
urn:cite:ap:bod8.169r,urn:cite:ecod:codbod8.cb-0008_169r
urn:cite:ap:bod8.169v,urn:cite:ecod:codbod8.cb-0008_169v
urn:cite:ap:bod8.170r,urn:cite:ecod:codbod8.cb-0008_170r
urn:cite:ap:bod8.170v,urn:cite:ecod:codbod8.cb-0008_170v
urn:cite:ap:bod8.171r,urn:cite:ecod:codbod8.cb-0008_171r
urn:cite:ap:bod8.171v,urn:cite:ecod:codbod8.cb-0008_171v
urn:cite:ap:bod8.172r,urn:cite:ecod:codbod8.cb-0008_172r
urn:cite:ap:bod8.172v,urn:cite:ecod:codbod8.cb-0008_172v
urn:cite:ap:bod8.173r,urn:cite:ecod:codbod8.cb-0008_173r
urn:cite:ap:bod8.173v,urn:cite:ecod:codbod8.cb-0008_173v
urn:cite:ap:bod8.174r,urn:cite:ecod:codbod8.cb-0008_174r
urn:cite:ap:bod8.174v,urn:cite:ecod:codbod8.cb-0008_174v
urn:cite:ap:bod8.175r,urn:cite:ecod:codbod8.cb-0008_175r
urn:cite:ap:bod8.175v,urn:cite:ecod:codbod8.cb-0008_175v
urn:cite:ap:bod8.176r,urn:cite:ecod:codbod8.cb-0008_176r
urn:cite:ap:bod8.176v,urn:cite:ecod:codbod8.cb-0008_176v
urn:cite:ap:bod8.177r,urn:cite:ecod:codbod8.cb-0008_177r
urn:cite:ap:bod8.177v,urn:cite:ecod:codbod8.cb-0008_177v
urn:cite:ap:bod8.178r,urn:cite:ecod:codbod8.cb-0008_178r
urn:cite:ap:bod8.178v,urn:cite:ecod:codbod8.cb-0008_178v
urn:cite:ap:bod8.179r,urn:cite:ecod:codbod8.cb-0008_179r
urn:cite:ap:bod8.179v,urn:cite:ecod:codbod8.cb-0008_179v
urn:cite:ap:bod8.180r,urn:cite:ecod:codbod8.cb-0008_180r
urn:cite:ap:bod8.180v,urn:cite:ecod:codbod8.cb-0008_180v
urn:cite:ap:bod8.181r,urn:cite:ecod:codbod8.cb-0008_181r
urn:cite:ap:bod8.181v,urn:cite:ecod:codbod8.cb-0008_181v
urn:cite:ap:bod8.182r,urn:cite:ecod:codbod8.cb-0008_182r
urn:cite:ap:bod8.182v,urn:cite:ecod:codbod8.cb-0008_182v
urn:cite:ap:bod8.183r,urn:cite:ecod:codbod8.cb-0008_183r
urn:cite:ap:bod8.183v,urn:cite:ecod:codbod8.cb-0008_183v
urn:cite:ap:bod8.184r,urn:cite:ecod:codbod8.cb-0008_184r
urn:cite:ap:bod8.184v,urn:cite:ecod:codbod8.cb-0008_184v
urn:cite:ap:bod8.185r,urn:cite:ecod:codbod8.cb-0008_185r
urn:cite:ap:bod8.185v,urn:cite:ecod:codbod8.cb-0008_185v
urn:cite:ap:bod8.186r,urn:cite:ecod:codbod8.cb-0008_186r
urn:cite:ap:bod8.186v,urn:cite:ecod:codbod8.cb-0008_186v
urn:cite:ap:bod8.187r,urn:cite:ecod:codbod8.cb-0008_187r
urn:cite:ap:bod8.187v,urn:cite:ecod:codbod8.cb-0008_187v
urn:cite:ap:bod8.188r,urn:cite:ecod:codbod8.cb-0008_188r
urn:cite:ap:bod8.188v,urn:cite:ecod:codbod8.cb-0008_188v
urn:cite:ap:bod8.189r,urn:cite:ecod:codbod8.cb-0008_189r
urn:cite:ap:bod8.189v,urn:cite:ecod:codbod8.cb-0008_189v
urn:cite:ap:bod8.190r,urn:cite:ecod:codbod8.cb-0008_190r
urn:cite:ap:bod8.190v,urn:cite:ecod:codbod8.cb-0008_190v
urn:cite:ap:bod8.191r,urn:cite:ecod:codbod8.cb-0008_191r
urn:cite:ap:bod8.191v,urn:cite:ecod:codbod8.cb-0008_191v
urn:cite:ap:bod8.192r,urn:cite:ecod:codbod8.cb-0008_192r
urn:cite:ap:bod8.192v,urn:cite:ecod:codbod8.cb-0008_192v
urn:cite:ap:bod8.193r,urn:cite:ecod:codbod8.cb-0008_193r
urn:cite:ap:bod8.193v,urn:cite:ecod:codbod8.cb-0008_193v
urn:cite:ap:bod8.194r,urn:cite:ecod:codbod8.cb-0008_194r
urn:cite:ap:bod8.194v,urn:cite:ecod:codbod8.cb-0008_194v
urn:cite:ap:bod8.195r,urn:cite:ecod:codbod8.cb-0008_195r
urn:cite:ap:bod8.195v,urn:cite:ecod:codbod8.cb-0008_195v
urn:cite:ap:bod8.196r,urn:cite:ecod:codbod8.cb-0008_196r
urn:cite:ap:bod8.196v,urn:cite:ecod:codbod8.cb-0008_196v
urn:cite:ap:bod8.197r,urn:cite:ecod:codbod8.cb-0008_197r
urn:cite:ap:bod8.197v,urn:cite:ecod:codbod8.cb-0008_197v
urn:cite:ap:bod8.198r,urn:cite:ecod:codbod8.cb-0008_198r
urn:cite:ap:bod8.198v,urn:cite:ecod:codbod8.cb-0008_198v
urn:cite:ap:bod8.199r,urn:cite:ecod:codbod8.cb-0008_199r
urn:cite:ap:bod8.199v,urn:cite:ecod:codbod8.cb-0008_199v
urn:cite:ap:bod8.200r,urn:cite:ecod:codbod8.cb-0008_200r
urn:cite:ap:bod8.200v,urn:cite:ecod:codbod8.cb-0008_200v
urn:cite:ap:bod8.201r,urn:cite:ecod:codbod8.cb-0008_201r
urn:cite:ap:bod8.201v,urn:cite:ecod:codbod8.cb-0008_201v
urn:cite:ap:bod8.202r,urn:cite:ecod:codbod8.cb-0008_202r
urn:cite:ap:bod8.202v,urn:cite:ecod:codbod8.cb-0008_202v
urn:cite:ap:bod8.203r,urn:cite:ecod:codbod8.cb-0008_203r
urn:cite:ap:bod8.203v,urn:cite:ecod:codbod8.cb-0008_203v
urn:cite:ap:bod8.204r,urn:cite:ecod:codbod8.cb-0008_204r
urn:cite:ap:bod8.204v,urn:cite:ecod:codbod8.cb-0008_204v
urn:cite:ap:bod8.205r,urn:cite:ecod:codbod8.cb-0008_205r
urn:cite:ap:bod8.205v,urn:cite:ecod:codbod8.cb-0008_205v
urn:cite:ap:bod8.206r,urn:cite:ecod:codbod8.cb-0008_206r
urn:cite:ap:bod8.206v,urn:cite:ecod:codbod8.cb-0008_206v
urn:cite:ap:bod8.207r,urn:cite:ecod:codbod8.cb-0008_207r
urn:cite:ap:bod8.207v,urn:cite:ecod:codbod8.cb-0008_207v
urn:cite:ap:bod8.208r,urn:cite:ecod:codbod8.cb-0008_208r
urn:cite:ap:bod8.208v,urn:cite:ecod:codbod8.cb-0008_208v
urn:cite:ap:bod8.209r,urn:cite:ecod:codbod8.cb-0008_209r
urn:cite:ap:bod8.209v,urn:cite:ecod:codbod8.cb-0008_209v
urn:cite:ap:bod8.210r,urn:cite:ecod:codbod8.cb-0008_210r
urn:cite:ap:bod8.210v,urn:cite:ecod:codbod8.cb-0008_210v
urn:cite:ap:bod8.211r,urn:cite:ecod:codbod8.cb-0008_211r
urn:cite:ap:bod8.211v,urn:cite:ecod:codbod8.cb-0008_211v
urn:cite:ap:bod8.212r,urn:cite:ecod:codbod8.cb-0008_212r
urn:cite:ap:bod8.212v,urn:cite:ecod:codbod8.cb-0008_212v
urn:cite:ap:bod8.213r,urn:cite:ecod:codbod8.cb-0008_213r
urn:cite:ap:bod8.213v,urn:cite:ecod:codbod8.cb-0008_213v
urn:cite:ap:bod8.214r,urn:cite:ecod:codbod8.cb-0008_214r
urn:cite:ap:bod8.214v,urn:cite:ecod:codbod8.cb-0008_214v
urn:cite:ap:bod8.215r,urn:cite:ecod:codbod8.cb-0008_215r
urn:cite:ap:bod8.215v,urn:cite:ecod:codbod8.cb-0008_215v
urn:cite:ap:bod8.216r,urn:cite:ecod:codbod8.cb-0008_216r
urn:cite:ap:bod8.216v,urn:cite:ecod:codbod8.cb-0008_216v
urn:cite:ap:bod8.217r,urn:cite:ecod:codbod8.cb-0008_217r
urn:cite:ap:bod8.217v,urn:cite:ecod:codbod8.cb-0008_217v
urn:cite:ap:bod8.218r,urn:cite:ecod:codbod8.cb-0008_218r
urn:cite:ap:bod8.218v,urn:cite:ecod:codbod8.cb-0008_218v
urn:cite:ap:bod8.219r,urn:cite:ecod:codbod8.cb-0008_219r
urn:cite:ap:bod8.219v,urn:cite:ecod:codbod8.cb-0008_219v
urn:cite:ap:bod8.220r,urn:cite:ecod:codbod8.cb-0008_220r
urn:cite:ap:bod8.220v,urn:cite:ecod:codbod8.cb-0008_220v
urn:cite:ap:bod8.221r,urn:cite:ecod:codbod8.cb-0008_221r
urn:cite:ap:bod8.221v,urn:cite:ecod:codbod8.cb-0008_221v
urn:cite:ap:bod8.222r,urn:cite:ecod:codbod8.cb-0008_222r
urn:cite:ap:bod8.222v,urn:cite:ecod:codbod8.cb-0008_222v
urn:cite:ap:bod8.223r,urn:cite:ecod:codbod8.cb-0008_223r
urn:cite:ap:bod8.223v,urn:cite:ecod:codbod8.cb-0008_223v
urn:cite:ap:bod8.224r,urn:cite:ecod:codbod8.cb-0008_224r
urn:cite:ap:bod8.224v,urn:cite:ecod:codbod8.cb-0008_224v
urn:cite:ap:bod8.225r,urn:cite:ecod:codbod8.cb-0008_225r
urn:cite:ap:bod8.225v,urn:cite:ecod:codbod8.cb-0008_225v
urn:cite:ap:bod8.226r,urn:cite:ecod:codbod8.cb-0008_226r
urn:cite:ap:bod8.226v,urn:cite:ecod:codbod8.cb-0008_226v
urn:cite:ap:bod8.227r,urn:cite:ecod:codbod8.cb-0008_227r
urn:cite:ap:bod8.227v,urn:cite:ecod:codbod8.cb-0008_227v
urn:cite:ap:bod8.228r,urn:cite:ecod:codbod8.cb-0008_228r
urn:cite:ap:bod8.228v,urn:cite:ecod:codbod8.cb-0008_228v
urn:cite:ap:bod8.229r,urn:cite:ecod:codbod8.cb-0008_229r
urn:cite:ap:bod8.229v,urn:cite:ecod:codbod8.cb-0008_229v
urn:cite:ap:bod8.230r,urn:cite:ecod:codbod8.cb-0008_230r
urn:cite:ap:bod8.230v,urn:cite:ecod:codbod8.cb-0008_230v
urn:cite:ap:bod8.231r,urn:cite:ecod:codbod8.cb-0008_231r
urn:cite:ap:bod8.231v,urn:cite:ecod:codbod8.cb-0008_231v
urn:cite:ap:bod8.232r,urn:cite:ecod:codbod8.cb-0008_232r
urn:cite:ap:bod8.232v,urn:cite:ecod:codbod8.cb-0008_232v
urn:cite:ap:bod8.233r,urn:cite:ecod:codbod8.cb-0008_233r
urn:cite:ap:bod8.233r,urn:cite:ecod:codbod8.cb-0008_233v
urn:cite:ap:bod8.234r,urn:cite:ecod:codbod8.cb-0008_234r
urn:cite:ap:bod8.234v,urn:cite:ecod:codbod8.cb-0008_234v
urn:cite:ap:bod8.235r,urn:cite:ecod:codbod8.cb-0008_235r
urn:cite:ap:bod8.235v,urn:cite:ecod:codbod8.cb-0008_235v
urn:cite:ap:bod8.236r,urn:cite:ecod:codbod8.cb-0008_236r
urn:cite:ap:bod8.236v,urn:cite:ecod:codbod8.cb-0008_236v
urn:cite:ap:bod8.237r,urn:cite:ecod:codbod8.cb-0008_237r
urn:cite:ap:bod8.237v,urn:cite:ecod:codbod8.cb-0008_237v
urn:cite:ap:bod8.238r,urn:cite:ecod:codbod8.cb-0008_238r
urn:cite:ap:bod8.238v,urn:cite:ecod:codbod8.cb-0008_238v
urn:cite:ap:bod8.239r,urn:cite:ecod:codbod8.cb-0008_239r
urn:cite:ap:bod8.239v,urn:cite:ecod:codbod8.cb-0008_239v
urn:cite:ap:bod8.240r,urn:cite:ecod:codbod8.cb-0008_240r
urn:cite:ap:bod8.240v,urn:cite:ecod:codbod8.cb-0008_240v
urn:cite:ap:bod8.241r,urn:cite:ecod:codbod8.cb-0008_241r
urn:cite:ap:bod8.241v,urn:cite:ecod:codbod8.cb-0008_241v
urn:cite:ap:bod8.242r,urn:cite:ecod:codbod8.cb-0008_242r
urn:cite:ap:bod8.242v,urn:cite:ecod:codbod8.cb-0008_242v
urn:cite:ap:bod8.243r,urn:cite:ecod:codbod8.cb-0008_243r
urn:cite:ap:bod8.243v,urn:cite:ecod:codbod8.cb-0008_243v
